id,slug,category,url,status
26324,preserving-indigenous-wisdom-requires-protecting-forests,Climate,https://olivenetwork.org/Issue/preserving-indigenous-wisdom-requires-protecting-forests/26324,done
26320,global-commons-alliance-systems-change-explained,Climate,https://olivenetwork.org/Issue/global-commons-alliance-systems-change-explained/26320,done
26319,the-promise-75-years-of-the-refugee-convention,Climate,https://olivenetwork.org/Issue/the-promise-75-years-of-the-refugee-convention/26319,done
26318,the-court-has-spoken-so-has-the-assembly-what-s-next,Climate,https://olivenetwork.org/Issue/the-court-has-spoken-so-has-the-assembly-what-s-next/26318,done
26313,none-of-17-un-sdgs-on-track-to-be-achieved-by-2030-report-finds,Climate,https://olivenetwork.org/Issue/none-of-17-un-sdgs-on-track-to-be-achieved-by-2030-report-finds/26313,done
26311,europe-s-sizzling-heat-is-a-brutal-reminder-of-global-warming-un-climate-chief-says,Climate,https://olivenetwork.org/Issue/europe-s-sizzling-heat-is-a-brutal-reminder-of-global-warming-un-climate-chief-says/26311,done
26308,we-economists-have-done-the-maths-growth-is-a-doomed-strategy-there-is-a-better-way,Climate,https://olivenetwork.org/Issue/we-economists-have-done-the-maths-growth-is-a-doomed-strategy-there-is-a-better-way/26308,done
26304,general-assembly-backs-historic-world-court-climate-crisis-ruling,Climate,https://olivenetwork.org/Issue/general-assembly-backs-historic-world-court-climate-crisis-ruling/26304,done
26302,renewables-hit-nearly-half-of-global-power-capacity-in-2025,Climate,https://olivenetwork.org/Issue/renewables-hit-nearly-half-of-global-power-capacity-in-2025/26302,done
26301,civil-society-demands-action-from-governments-at-first-fossil-fuel-free-conference-in-colombia,Climate,https://olivenetwork.org/Issue/civil-society-demands-action-from-governments-at-first-fossil-fuel-free-conference-in-colombia/26301,done
26299,cop-31-presidency-prioritizes-global-economy-as-climate-impacts-worsen,Climate,https://olivenetwork.org/Issue/cop-31-presidency-prioritizes-global-economy-as-climate-impacts-worsen/26299,done
26296,global-progressive-mobilisation-brought-together-global-leaders-to-stand-up-for-democracy,Climate,https://olivenetwork.org/Issue/global-progressive-mobilisation-brought-together-global-leaders-to-stand-up-for-democracy/26296,pending
26295,p-class-p1-strong-personal-statement,Climate,https://olivenetwork.org/Issue/p-class-p1-strong-personal-statement/26295,pending
26287,beyond-gdp-an-opportunity-for-economic-reset,Climate,https://olivenetwork.org/Issue/beyond-gdp-an-opportunity-for-economic-reset/26287,pending
26282,we-can-move-beyond-the-capitalist-model-and-save-the-climate-here-are-the-first-three-steps,Climate,https://olivenetwork.org/Issue/we-can-move-beyond-the-capitalist-model-and-save-the-climate-here-are-the-first-three-steps/26282,pending
26276,call-for-reset-of-global-water-agenda-seeks-to-reverse-water-bankruptcy,Climate,https://olivenetwork.org/Issue/call-for-reset-of-global-water-agenda-seeks-to-reverse-water-bankruptcy/26276,pending
26273,we-don-t-have-time-at-davos-wef-alternative-speech-26,Climate,https://olivenetwork.org/Issue/we-don-t-have-time-at-davos-wef-alternative-speech-26/26273,pending
26272,tori-tsui-resisting-billionaire-extractivism,Climate,https://olivenetwork.org/Issue/tori-tsui-resisting-billionaire-extractivism/26272,pending
26271,brazen-political-influence-of-rich-laid-bare-as-wealth-of-billionaires-reaches-18-3tn-says-oxfam,Climate,https://olivenetwork.org/Issue/brazen-political-influence-of-rich-laid-bare-as-wealth-of-billionaires-reaches-18-3tn-says-oxfam/26271,pending
26266,earth-needs-a-systems-change-that-prioritises-wellbeing,Climate,https://olivenetwork.org/Issue/earth-needs-a-systems-change-that-prioritises-wellbeing/26266,pending
26265,palestine-advocate-vanessa-redgrave,Climate,https://olivenetwork.org/Issue/palestine-advocate-vanessa-redgrave/26265,pending
26262,t-rk-says-human-rights-under-attack-yet-undeterred-in-2025,Climate,https://olivenetwork.org/Issue/t-rk-says-human-rights-under-attack-yet-undeterred-in-2025/26262,pending
26260,oecd-report-calls-for-more-synergistic-responses-to-triple-planetary-crisis,Climate,https://olivenetwork.org/Issue/oecd-report-calls-for-more-synergistic-responses-to-triple-planetary-crisis/26260,pending
26259,jason-hickel-on-degrowth-a-response-to-branko-milanovic,Climate,https://olivenetwork.org/Issue/jason-hickel-on-degrowth-a-response-to-branko-milanovic/26259,pending
26257,world-social-summit-commits-to-follow-up-process-to-ensure-implementation,Climate,https://olivenetwork.org/Issue/world-social-summit-commits-to-follow-up-process-to-ensure-implementation/26257,pending
26255,cop30-closes-hijacking-by-rich-countries-and-dire-need-for-peoples-multilateralism,Climate,https://olivenetwork.org/Issue/cop30-closes-hijacking-by-rich-countries-and-dire-need-for-peoples-multilateralism/26255,pending
26254,philanthropies-commit-300m-for-climate-health-solutions-at-cop30,Climate,https://olivenetwork.org/Issue/philanthropies-commit-300m-for-climate-health-solutions-at-cop30/26254,pending
26253,call-of-belem-for-the-climate,Climate,https://olivenetwork.org/Issue/call-of-belem-for-the-climate/26253,pending
26250,listen-to-the-cry-of-the-earth-pope-leo-takes-aim-at-climate-change-sceptics,Climate,https://olivenetwork.org/Issue/listen-to-the-cry-of-the-earth-pope-leo-takes-aim-at-climate-change-sceptics/26250,pending
26249,civil-society-movements-are-carrying-the-mantle-of-humanitarian-values,Climate,https://olivenetwork.org/Issue/civil-society-movements-are-carrying-the-mantle-of-humanitarian-values/26249,pending
26247,united-nations-general-debate-of-the-80th-session,Climate,https://olivenetwork.org/Issue/united-nations-general-debate-of-the-80th-session/26247,pending
26246,what-if-nature-could-save-us,Climate,https://olivenetwork.org/Issue/what-if-nature-could-save-us/26246,pending
26244,petricor-un-nuevo-internacionalismo,Climate,https://olivenetwork.org/Issue/petricor-un-nuevo-internacionalismo/26244,pending
26243,interactive-dialogue-lays-groundwork-for-2028-review-of-pact-for-the-future,Climate,https://olivenetwork.org/Issue/interactive-dialogue-lays-groundwork-for-2028-review-of-pact-for-the-future/26243,pending
26242,international-youth-day,Climate,https://olivenetwork.org/Issue/international-youth-day/26242,pending
26241,olive-network-on-instagram,Climate,https://olivenetwork.org/Issue/olive-network-on-instagram/26241,pending
26239,the-end-of-excuses-what-the-icj-opinion-means-for-climate-accountability,Climate,https://olivenetwork.org/Issue/the-end-of-excuses-what-the-icj-opinion-means-for-climate-accountability/26239,pending
26238,assembling-grounds-practices-of-coexistence,Climate,https://olivenetwork.org/Issue/assembling-grounds-practices-of-coexistence/26238,pending
26232,un-expert-elisa-morgera-calls-out-world-s-carbon-tunnel-vision,Climate,https://olivenetwork.org/Issue/un-expert-elisa-morgera-calls-out-world-s-carbon-tunnel-vision/26232,pending
26222,un-secretary-general-s-sdg-progress-report-shows-change-is-possible,Climate,https://olivenetwork.org/Issue/un-secretary-general-s-sdg-progress-report-shows-change-is-possible/26222,pending
26217,naciones-unidas-five-measures-to-reduce-damage-to-the-environment,Climate,https://olivenetwork.org/Issue/naciones-unidas-five-measures-to-reduce-damage-to-the-environment/26217,pending
26216,boreal-forests-a-great-unknown-despite-being-the-second-lung-of-the-planet,Climate,https://olivenetwork.org/Issue/boreal-forests-a-great-unknown-despite-being-the-second-lung-of-the-planet/26216,pending
26212,unep-international-mother-earth-day-2025,Climate,https://olivenetwork.org/Issue/unep-international-mother-earth-day-2025/26212,pending
26205,the-end-of-the-un-not-if-the-charter-gets-a-reboot,Climate,https://olivenetwork.org/Issue/the-end-of-the-un-not-if-the-charter-gets-a-reboot/26205,pending
26204,brazil-shares-priorities-for-cop-30,Climate,https://olivenetwork.org/Issue/brazil-shares-priorities-for-cop-30/26204,pending
26201,alfredo-jaar-the-end-of-the-world,Climate,https://olivenetwork.org/Issue/alfredo-jaar-the-end-of-the-world/26201,pending
26198,in-a-message-of-hope-un-secretary-general-outlines-priorities-for-2025,Climate,https://olivenetwork.org/Issue/in-a-message-of-hope-un-secretary-general-outlines-priorities-for-2025/26198,pending
26195,sdg-knowledge-hub-s-most-read-stories-of-2024-reveal-hunger-for-solutions,Climate,https://olivenetwork.org/Issue/sdg-knowledge-hub-s-most-read-stories-of-2024-reveal-hunger-for-solutions/26195,pending
26190,in-new-year-s-message-guterres-urges-countries-to-drastically-slash-emissions-and-exit-this-road-to-ruin,Climate,https://olivenetwork.org/Issue/in-new-year-s-message-guterres-urges-countries-to-drastically-slash-emissions-and-exit-this-road-to-ruin/26190,pending
26181,whispers-self-censorship-and-crackdowns-on-free-speech-prevailed-at-cop29,Climate,https://olivenetwork.org/Issue/whispers-self-censorship-and-crackdowns-on-free-speech-prevailed-at-cop29/26181,pending
26180,the-future-of-sustainability-2024-25-reimagining-the-way-the-world-works,Climate,https://olivenetwork.org/Issue/the-future-of-sustainability-2024-25-reimagining-the-way-the-world-works/26180,pending
26177,what-to-expect-at-cop29-connecting-the-dots-in-baku,Climate,https://olivenetwork.org/Issue/what-to-expect-at-cop29-connecting-the-dots-in-baku/26177,pending
26175,un-secretary-general-s-remarks-to-the-16th-brics-summit,Climate,https://olivenetwork.org/Issue/un-secretary-general-s-remarks-to-the-16th-brics-summit/26175,pending
26172,the-latest-un-biodiversity-summit-opens-in-colombia-here-s-what-s-at-stake,Climate,https://olivenetwork.org/Issue/the-latest-un-biodiversity-summit-opens-in-colombia-here-s-what-s-at-stake/26172,pending
26169,unga-high-level-week-ends-with-call-for-unity-and-shared-responsibility,Climate,https://olivenetwork.org/Issue/unga-high-level-week-ends-with-call-for-unity-and-shared-responsibility/26169,pending
26165,press-release-united-nations-adopts-ground-breaking-pact-for-the-future-to-transform-global-governance,Climate,https://olivenetwork.org/Issue/press-release-united-nations-adopts-ground-breaking-pact-for-the-future-to-transform-global-governance/26165,pending
26162,international-day-of-clean-air-for-blue-skies,Climate,https://olivenetwork.org/Issue/international-day-of-clean-air-for-blue-skies/26162,pending
26161,the-children-behind-south-korea-s-landmark-climate-win,Climate,https://olivenetwork.org/Issue/the-children-behind-south-korea-s-landmark-climate-win/26161,pending
26137,the-mission-of-the-2021-global-assembly,Climate,https://olivenetwork.org/Issue/the-mission-of-the-2021-global-assembly/26137,pending
26087,big-solar-is-already-outperforming-big-oil-learn-how,Climate,https://olivenetwork.org/Issue/big-solar-is-already-outperforming-big-oil-learn-how/26087,pending
26052,world-press-freedom-day,Climate,https://olivenetwork.org/Issue/world-press-freedom-day/26052,pending
26050,world-press-freedom-day-2024-ips-video,Climate,https://olivenetwork.org/Issue/world-press-freedom-day-2024-ips-video/26050,pending
26047,un-in-geneva-s-future-visitor-centre-hopes-to-improve-dialogue-with-public,Climate,https://olivenetwork.org/Issue/un-in-geneva-s-future-visitor-centre-hopes-to-improve-dialogue-with-public/26047,pending
26042,art-2032-the-hope-forum,Climate,https://olivenetwork.org/Issue/art-2032-the-hope-forum/26042,pending
26041,landmark-ruling-switzerland-s-climate-policy-violates-human-rights,Climate,https://olivenetwork.org/Issue/landmark-ruling-switzerland-s-climate-policy-violates-human-rights/26041,pending
26029,world-water-day,Climate,https://olivenetwork.org/Issue/world-water-day/26029,pending
26028,celebrating-a-healthy-planet-on-world-rewilding-day,Climate,https://olivenetwork.org/Issue/celebrating-a-healthy-planet-on-world-rewilding-day/26028,pending
26025,arab-rfsd-explores-solutions-to-deliver-for-sustainability-and-peace,Climate,https://olivenetwork.org/Issue/arab-rfsd-explores-solutions-to-deliver-for-sustainability-and-peace/26025,pending
26023,clientearth-the-power-of-law,Climate,https://olivenetwork.org/Issue/clientearth-the-power-of-law/26023,pending
26020,un-rights-expert-david-boyd-businesses-are-treating-the-environment-like-a-free-dumping-ground,Climate,https://olivenetwork.org/Issue/un-rights-expert-david-boyd-businesses-are-treating-the-environment-like-a-free-dumping-ground/26020,pending
26019,art-2030-art-for-action,Climate,https://olivenetwork.org/Issue/art-2030-art-for-action/26019,pending
26013,ecopeace-middle-east,Climate,https://olivenetwork.org/Issue/ecopeace-middle-east/26013,pending
26012,peace-is-the-missing-piece-un-secretary-general-on-priorities-for-2024,Climate,https://olivenetwork.org/Issue/peace-is-the-missing-piece-un-secretary-general-on-priorities-for-2024/26012,pending
26010,french-climate-activist-camille-tienne-and-the-power-of-fear,Climate,https://olivenetwork.org/Issue/french-climate-activist-camille-tienne-and-the-power-of-fear/26010,pending
26009,maximizing-progress-on-the-2030-agenda-building-on-sdg-interlinkages,Climate,https://olivenetwork.org/Issue/maximizing-progress-on-the-2030-agenda-building-on-sdg-interlinkages/26009,pending
26008,third-south-summit-calls-for-international-financial-architecture-reform,Climate,https://olivenetwork.org/Issue/third-south-summit-calls-for-international-financial-architecture-reform/26008,pending
26006,2024-a-four-pronged-quest-to-rebuild-trust-and-restore-hope,Climate,https://olivenetwork.org/Issue/2024-a-four-pronged-quest-to-rebuild-trust-and-restore-hope/26006,pending
26004,unep-climate-action,Climate,https://olivenetwork.org/Issue/unep-climate-action/26004,pending
26003,aloe-vera-plants-turned-into-energy-storing-supercapacitors,Climate,https://olivenetwork.org/Issue/aloe-vera-plants-turned-into-energy-storing-supercapacitors/26003,pending
26002,5-global-issues-io-watch-in-2024,Climate,https://olivenetwork.org/Issue/5-global-issues-io-watch-in-2024/26002,pending
26001,art-charter-for-climate-action,Climate,https://olivenetwork.org/Issue/art-charter-for-climate-action/26001,pending
25998,cop28-agreement-signals-beginning-of-the-end-of-the-fossil-fuel-era,Climate,https://olivenetwork.org/Issue/cop28-agreement-signals-beginning-of-the-end-of-the-fossil-fuel-era/25998,pending
25996,climate-advocates-demand-stronger-cop28-language-on-fossil-fuels,Climate,https://olivenetwork.org/Issue/climate-advocates-demand-stronger-cop28-language-on-fossil-fuels/25996,pending
25995,cop28-in-dubai-enters-final-week-negotiations-ramp-up-on-emissions-cuts-fossil-fuels,Climate,https://olivenetwork.org/Issue/cop28-in-dubai-enters-final-week-negotiations-ramp-up-on-emissions-cuts-fossil-fuels/25995,pending
25993,how-do-we-bring-about-peace-in-a-world-of-war-and-chaos-quakers-like-me-might-have-the-answer,Climate,https://olivenetwork.org/Issue/how-do-we-bring-about-peace-in-a-world-of-war-and-chaos-quakers-like-me-might-have-the-answer/25993,pending
25992,over-150-non-state-actors-sign-call-to-action-calling-for-transformation-of-food-systems,Climate,https://olivenetwork.org/Issue/over-150-non-state-actors-sign-call-to-action-calling-for-transformation-of-food-systems/25992,pending
25991,cop28-un-climate-talks-take-aim-at-planet-warming-food,Climate,https://olivenetwork.org/Issue/cop28-un-climate-talks-take-aim-at-planet-warming-food/25991,pending
25989,climate-change-the-young-activists-changing-the-sceptics-minds,Climate,https://olivenetwork.org/Issue/climate-change-the-young-activists-changing-the-sceptics-minds/25989,pending
25988,cop28-talks-open-in-dubai-with-breakthrough-deal-on-loss-and-damage-fund,Climate,https://olivenetwork.org/Issue/cop28-talks-open-in-dubai-with-breakthrough-deal-on-loss-and-damage-fund/25988,pending
25987,un-cop28-climate-change-conference,Climate,https://olivenetwork.org/Issue/un-cop28-climate-change-conference/25987,pending
25986,forum-for-the-future-purpose-of-business,Climate,https://olivenetwork.org/Issue/forum-for-the-future-purpose-of-business/25986,pending
25985,united-nations-climate-change-global-stocktake,Climate,https://olivenetwork.org/Issue/united-nations-climate-change-global-stocktake/25985,pending
25984,embracing-a-beyond-growth-approach-for-sustainable-futures,Climate,https://olivenetwork.org/Issue/embracing-a-beyond-growth-approach-for-sustainable-futures/25984,pending
25983,climate-change-us-and-china-take-small-but-important-steps,Climate,https://olivenetwork.org/Issue/climate-change-us-and-china-take-small-but-important-steps/25983,pending
25978,the-new-humanitarian,Climate,https://olivenetwork.org/Issue/the-new-humanitarian/25978,pending
25975,climate-change-local-solutions-to-a-global-crisis,Climate,https://olivenetwork.org/Issue/climate-change-local-solutions-to-a-global-crisis/25975,pending
25971,youth-in-action-united-nations,Climate,https://olivenetwork.org/Issue/youth-in-action-united-nations/25971,pending
25965,climate-change-pope-francis-warns-world-may-be-nearing-breaking-point,Climate,https://olivenetwork.org/Issue/climate-change-pope-francis-warns-world-may-be-nearing-breaking-point/25965,pending
25961,unicef-partners-with-china-to-pilot-climate-resilient-wash-technologies-in-cambodia,Climate,https://olivenetwork.org/Issue/unicef-partners-with-china-to-pilot-climate-resilient-wash-technologies-in-cambodia/25961,pending
25959,land-regeneration-and-co-sequestration-by-active-communities-in-the-sahel,Climate,https://olivenetwork.org/Issue/land-regeneration-and-co-sequestration-by-active-communities-in-the-sahel/25959,pending
25958,the-world-is-burning-who-can-convince-the-comfortable-classes-of-the-radical-sacrifices-needed,Climate,https://olivenetwork.org/Issue/the-world-is-burning-who-can-convince-the-comfortable-classes-of-the-radical-sacrifices-needed/25958,pending
25956,montana-kids-win-historic-climate-lawsuit-here-s-why-it-could-set-a-powerful-precedent,Climate,https://olivenetwork.org/Issue/montana-kids-win-historic-climate-lawsuit-here-s-why-it-could-set-a-powerful-precedent/25956,pending
25954,a-manifesto-to-combat-global-heating-environmental-justice-foundation,Climate,https://olivenetwork.org/Issue/a-manifesto-to-combat-global-heating-environmental-justice-foundation/25954,pending
25949,reforming-financial-architecture-to-achieve-new-forms-of-cooperation,Climate,https://olivenetwork.org/Issue/reforming-financial-architecture-to-achieve-new-forms-of-cooperation/25949,pending
25942,we-are-faced-with-a-climate-emergency-can-art-help,Climate,https://olivenetwork.org/Issue/we-are-faced-with-a-climate-emergency-can-art-help/25942,pending
25940,water-crisis-where-is-the-political-leadership,Climate,https://olivenetwork.org/Issue/water-crisis-where-is-the-political-leadership/25940,pending
25939,international-geneva-zooming-into-the-metaverse,Climate,https://olivenetwork.org/Issue/international-geneva-zooming-into-the-metaverse/25939,pending
25938,united-nations-the-summit-of-the-future-in-2024,Climate,https://olivenetwork.org/Issue/united-nations-the-summit-of-the-future-in-2024/25938,pending
25934,geneva-film-festival-spotlights-stories-of-conflict-climate-and-migration,Climate,https://olivenetwork.org/Issue/geneva-film-festival-spotlights-stories-of-conflict-climate-and-migration/25934,pending
25933,accelerating-the-sdgs-through-the-2024-summit-of-the-future,Climate,https://olivenetwork.org/Issue/accelerating-the-sdgs-through-the-2024-summit-of-the-future/25933,pending
25931,davos-switzerland-18-january-2023-secretary-general-s-remarks-at-the-world-economic-forum,Climate,https://olivenetwork.org/Issue/davos-switzerland-18-january-2023-secretary-general-s-remarks-at-the-world-economic-forum/25931,pending
25930,assembly-president-highlights-priorities-for-unga-s-resumed-77th-session,Climate,https://olivenetwork.org/Issue/assembly-president-highlights-priorities-for-unga-s-resumed-77th-session/25930,pending
25929,wef-only-about-tweaking-the-system-rogue-business-leaders-call-for-real-wealth-distribution,Climate,https://olivenetwork.org/Issue/wef-only-about-tweaking-the-system-rogue-business-leaders-call-for-real-wealth-distribution/25929,pending
25928,un-s-guterres-oil-companies-have-peddled-big-lie-on-climate-crisis-video,Climate,https://olivenetwork.org/Issue/un-s-guterres-oil-companies-have-peddled-big-lie-on-climate-crisis-video/25928,pending
25927,oxfam-richest-1-bag-nearly-twice-as-much-wealth-as-the-rest-of-the-world-put-together,Climate,https://olivenetwork.org/Issue/oxfam-richest-1-bag-nearly-twice-as-much-wealth-as-the-rest-of-the-world-put-together/25927,pending
25926,global-leaders-and-climate-activists-gather-in-snowless-davos-ahead-of-world-economic-forum-2023,Climate,https://olivenetwork.org/Issue/global-leaders-and-climate-activists-gather-in-snowless-davos-ahead-of-world-economic-forum-2023/25926,pending
25925,the-2023-sdg-summit-the-high-level-political-forum-on-sustainable-development-under-the-auspices-of-the-general-assembly,Climate,https://olivenetwork.org/Issue/the-2023-sdg-summit-the-high-level-political-forum-on-sustainable-development-under-the-auspices-of-the-general-assembly/25925,pending
25924,our-future-agenda-the-big-brainstorm,Climate,https://olivenetwork.org/Issue/our-future-agenda-the-big-brainstorm/25924,pending
25921,2023-five-areas-to-target-through-resolve-determination-and-hope,Climate,https://olivenetwork.org/Issue/2023-five-areas-to-target-through-resolve-determination-and-hope/25921,pending
25920,ozone-layer-recovery-is-on-track-helping-avoid-global-warming-by-0-5-c,Climate,https://olivenetwork.org/Issue/ozone-layer-recovery-is-on-track-helping-avoid-global-warming-by-0-5-c/25920,pending
25917,united-nations-foundation-climate-issues-to-watch-in-2023,Climate,https://olivenetwork.org/Issue/united-nations-foundation-climate-issues-to-watch-in-2023/25917,pending
25915,trends-driving-humanitarian-crises-in-2023-and-what-to-do-about-them,Climate,https://olivenetwork.org/Issue/trends-driving-humanitarian-crises-in-2023-and-what-to-do-about-them/25915,pending
25911,un-secretary-general-to-convene-climate-ambition-summit-in-2023,Climate,https://olivenetwork.org/Issue/un-secretary-general-to-convene-climate-ambition-summit-in-2023/25911,pending
25910,cop15-nations-reach-historic-deal-to-protect-nature,Climate,https://olivenetwork.org/Issue/cop15-nations-reach-historic-deal-to-protect-nature/25910,pending
25907,how-poetry-can-help-address-the-climate-crisis,Climate,https://olivenetwork.org/Issue/how-poetry-can-help-address-the-climate-crisis/25907,pending
25906,2022-effective-development-co-operation-summit,Climate,https://olivenetwork.org/Issue/2022-effective-development-co-operation-summit/25906,pending
25905,statement-by-the-secretary-general-at-the-conclusion-of-cop27-in-sharm-el-sheikh,Climate,https://olivenetwork.org/Issue/statement-by-the-secretary-general-at-the-conclusion-of-cop27-in-sharm-el-sheikh/25905,pending
25904,cop-27-establishes-funding-arrangements-for-loss-and-damage,Climate,https://olivenetwork.org/Issue/cop-27-establishes-funding-arrangements-for-loss-and-damage/25904,pending
25903,cop27-diplomatic-baby-steps-amid-mounting-humanitarian-crises,Climate,https://olivenetwork.org/Issue/cop27-diplomatic-baby-steps-amid-mounting-humanitarian-crises/25903,pending
25901,about-the-people-s-cop-27,Climate,https://olivenetwork.org/Issue/about-the-people-s-cop-27/25901,pending
25896,mia-mottley-prime-minister-of-barbados-at-the-opening-of-the-cop27-world-leaders-summit,Climate,https://olivenetwork.org/Issue/mia-mottley-prime-minister-of-barbados-at-the-opening-of-the-cop27-world-leaders-summit/25896,pending
25895,environmental-justice-foundation-a-manifesto-to-combat-global-heating,Climate,https://olivenetwork.org/Issue/environmental-justice-foundation-a-manifesto-to-combat-global-heating/25895,pending
25893,cop27-in-sharm-el-sheikh-to-focus-on-delivering-on-the-promises-of-paris,Climate,https://olivenetwork.org/Issue/cop27-in-sharm-el-sheikh-to-focus-on-delivering-on-the-promises-of-paris/25893,pending
25892,cop27-the-world-cannot-afford-another-set-of-vague-promises-warns-ifrc,Climate,https://olivenetwork.org/Issue/cop27-the-world-cannot-afford-another-set-of-vague-promises-warns-ifrc/25892,pending
25890,cop27-what-you-need-to-know-about-this-year-s-big-un-climate-conference,Climate,https://olivenetwork.org/Issue/cop27-what-you-need-to-know-about-this-year-s-big-un-climate-conference/25890,pending
25889,forum-for-the-future-three-transitions-one-opportunity-to-transform-for-a-just-and-regenerative-future,Climate,https://olivenetwork.org/Issue/forum-for-the-future-three-transitions-one-opportunity-to-transform-for-a-just-and-regenerative-future/25889,pending
25886,preserving-amazon-rainforest-turns-into-thriving-business-in-brazil-a-success-story,Climate,https://olivenetwork.org/Issue/preserving-amazon-rainforest-turns-into-thriving-business-in-brazil-a-success-story/25886,pending
25882,art-2030-art-for-hope,Climate,https://olivenetwork.org/Issue/art-2030-art-for-hope/25882,pending
25881,un-live-join-the-global-we,Climate,https://olivenetwork.org/Issue/un-live-join-the-global-we/25881,pending
25876,fixing-the-future-festival-barcelona-16-17-september-2022,Climate,https://olivenetwork.org/Issue/fixing-the-future-festival-barcelona-16-17-september-2022/25876,pending
25865,want-to-achieve-the-sdgs-by-2030-center-human-rights,Climate,https://olivenetwork.org/Issue/want-to-achieve-the-sdgs-by-2030-center-human-rights/25865,pending
25862,trading-in-the-currency-of-hope-as-we-work-to-create-a-just-and-regenerative-future,Climate,https://olivenetwork.org/Issue/trading-in-the-currency-of-hope-as-we-work-to-create-a-just-and-regenerative-future/25862,pending
25861,un-ocean-conference-lisbon-portugal,Climate,https://olivenetwork.org/Issue/un-ocean-conference-lisbon-portugal/25861,pending
25860,serpentine-galleries-back-to-earth,Climate,https://olivenetwork.org/Issue/serpentine-galleries-back-to-earth/25860,pending
25855,what-to-expect-at-stockholm-50-this-week,Climate,https://olivenetwork.org/Issue/what-to-expect-at-stockholm-50-this-week/25855,pending
25854,art-for-a-healthy-planet-2022,Climate,https://olivenetwork.org/Issue/art-for-a-healthy-planet-2022/25854,pending
25853,global-platform-to-inform-shift-from-reducing-risk-to-building-resilience,Climate,https://olivenetwork.org/Issue/global-platform-to-inform-shift-from-reducing-risk-to-building-resilience/25853,pending
25849,system-change-for-sustainability,Climate,https://olivenetwork.org/Issue/system-change-for-sustainability/25849,pending
25848,world-congress-urges-shared-responsibility-over-forests-for-multiple-sdgs,Climate,https://olivenetwork.org/Issue/world-congress-urges-shared-responsibility-over-forests-for-multiple-sdgs/25848,pending
25845,geneva-biodiversity-conference-inches-towards-post-2020-global-framework,Climate,https://olivenetwork.org/Issue/geneva-biodiversity-conference-inches-towards-post-2020-global-framework/25845,pending
25843,un-organizations-launch-plan-to-catalyse-action-by-2025-on-energy-commitments,Climate,https://olivenetwork.org/Issue/un-organizations-launch-plan-to-catalyse-action-by-2025-on-energy-commitments/25843,pending
25841,international-day-of-multilateralism-and-diplomacy-for-peace-24-april,Climate,https://olivenetwork.org/Issue/international-day-of-multilateralism-and-diplomacy-for-peace-24-april/25841,pending
25839,earth-percent-earth-day,Climate,https://olivenetwork.org/Issue/earth-percent-earth-day/25839,pending
25837,expert-group-to-build-accountability-for-net-zero-pledges,Climate,https://olivenetwork.org/Issue/expert-group-to-build-accountability-for-net-zero-pledges/25837,pending
25836,moving-away-from-coal-will-not-be-easy-but-it-is-essential-for-our-common-future-un-deputy-chief-says,Climate,https://olivenetwork.org/Issue/moving-away-from-coal-will-not-be-easy-but-it-is-essential-for-our-common-future-un-deputy-chief-says/25836,pending
25834,future-perfect-integrating-long-term-thinking-into-public-policy,Climate,https://olivenetwork.org/Issue/future-perfect-integrating-long-term-thinking-into-public-policy/25834,pending
25828,mayor-of-london-announces-90-million-towards-new-green-bonds,Climate,https://olivenetwork.org/Issue/mayor-of-london-announces-90-million-towards-new-green-bonds/25828,pending
25826,environmental-justice-foundation-one-ocean-summit,Climate,https://olivenetwork.org/Issue/environmental-justice-foundation-one-ocean-summit/25826,pending
25825,green-museums-summit,Climate,https://olivenetwork.org/Issue/green-museums-summit/25825,pending
25824,wetlands-an-effective-but-undervalued-climate-solution,Climate,https://olivenetwork.org/Issue/wetlands-an-effective-but-undervalued-climate-solution/25824,pending
25821,international-geneva-turns-focus-to-nature-and-peace,Climate,https://olivenetwork.org/Issue/international-geneva-turns-focus-to-nature-and-peace/25821,pending
25820,g20-leadership-required-to-catalyze-private-capital-inflow-for-nature-based-solutions,Climate,https://olivenetwork.org/Issue/g20-leadership-required-to-catalyze-private-capital-inflow-for-nature-based-solutions/25820,pending
25818,bringing-dry-land-in-the-sahel-back-to-life,Climate,https://olivenetwork.org/Issue/bringing-dry-land-in-the-sahel-back-to-life/25818,pending
25815,top-10-largest-ngos-in-the-world,Climate,https://olivenetwork.org/Issue/top-10-largest-ngos-in-the-world/25815,pending
25814,meg-exhibition-on-indigenous-rights-an-issue-close-to-international-geneva-s-heart,Climate,https://olivenetwork.org/Issue/meg-exhibition-on-indigenous-rights-an-issue-close-to-international-geneva-s-heart/25814,pending
25813,seven-ways-museums-are-responding-to-the-climate-crisis,Climate,https://olivenetwork.org/Issue/seven-ways-museums-are-responding-to-the-climate-crisis/25813,pending
25812,climate-change-and-the-challenges-to-human-security-in-the-global-order,Climate,https://olivenetwork.org/Issue/climate-change-and-the-challenges-to-human-security-in-the-global-order/25812,pending
25810,the-world-feels-fragile-but-we-can-recover-from-the-blows-we-ve-suffered,Climate,https://olivenetwork.org/Issue/the-world-feels-fragile-but-we-can-recover-from-the-blows-we-ve-suffered/25810,pending
25809,2021-year-in-review-climate-action-or-blah-blah-blah,Climate,https://olivenetwork.org/Issue/2021-year-in-review-climate-action-or-blah-blah-blah/25809,pending
25808,united-nations-why-2022-will-matter-for-climate-action,Climate,https://olivenetwork.org/Issue/united-nations-why-2022-will-matter-for-climate-action/25808,pending
25806,climate-intelligence-an-opportunity-to-boost-climate-resilience,Climate,https://olivenetwork.org/Issue/climate-intelligence-an-opportunity-to-boost-climate-resilience/25806,pending
25805,gallery-climate-coalition-christie-s-and-clientearth-launch-artists-for-clientearth,Climate,https://olivenetwork.org/Issue/gallery-climate-coalition-christie-s-and-clientearth-launch-artists-for-clientearth/25805,pending
25799,peter-bakker-big-business-climate-pledges-must-be-measured,Climate,https://olivenetwork.org/Issue/peter-bakker-big-business-climate-pledges-must-be-measured/25799,pending
25798,unicef-climate-crisis-act-on-child-rights,Climate,https://olivenetwork.org/Issue/unicef-climate-crisis-act-on-child-rights/25798,pending
25797,conservation-international-these-ecosystems-could-determine-our-climate-future-study,Climate,https://olivenetwork.org/Issue/conservation-international-these-ecosystems-could-determine-our-climate-future-study/25797,pending
25792,5x15-at-cop26-arts-and-the-imagination,Climate,https://olivenetwork.org/Issue/5x15-at-cop26-arts-and-the-imagination/25792,pending
25790,cop26-this-is-the-speech-the-world-needed-barbados-pm-mia-mottley,Climate,https://olivenetwork.org/Issue/cop26-this-is-the-speech-the-world-needed-barbados-pm-mia-mottley/25790,pending
25789,if-global-finance-can-step-up-to-the-net-zero-challenge-governments-surely-can,Climate,https://olivenetwork.org/Issue/if-global-finance-can-step-up-to-the-net-zero-challenge-governments-surely-can/25789,pending
25788,artists-must-confront-the-climate-crisis-we-must-write-as-if-these-are-the-last-days,Climate,https://olivenetwork.org/Issue/artists-must-confront-the-climate-crisis-we-must-write-as-if-these-are-the-last-days/25788,pending
25787,cop26-targets-too-weak-to-stop-disaster-say-paris-agreement-architects,Climate,https://olivenetwork.org/Issue/cop26-targets-too-weak-to-stop-disaster-say-paris-agreement-architects/25787,pending
25786,water-aid-what-has-climate-change-got-to-do-with-water,Climate,https://olivenetwork.org/Issue/water-aid-what-has-climate-change-got-to-do-with-water/25786,pending
25785,msf-climate-emergency-the-climate-crisis-is-a-health-and-humanitarian-crisis,Climate,https://olivenetwork.org/Issue/msf-climate-emergency-the-climate-crisis-is-a-health-and-humanitarian-crisis/25785,pending
25784,wwf-details-not-just-promises-what-corporate-ambition-should-look-like-at-cop26,Climate,https://olivenetwork.org/Issue/wwf-details-not-just-promises-what-corporate-ambition-should-look-like-at-cop26/25784,pending
25783,unep-spotlight-on-climate-action,Climate,https://olivenetwork.org/Issue/unep-spotlight-on-climate-action/25783,pending
25781,museums-must-take-action-on-climate-change-now-before-it-s-too-late,Climate,https://olivenetwork.org/Issue/museums-must-take-action-on-climate-change-now-before-it-s-too-late/25781,pending
25779,secretary-general-s-remarks-to-the-climate-vulnerable-forum-leaders-dialogue-as-delivered,Climate,https://olivenetwork.org/Issue/secretary-general-s-remarks-to-the-climate-vulnerable-forum-leaders-dialogue-as-delivered/25779,pending
25777,cop26-countries-hit-worst-by-climate-change-call-for-500bn-by-2024,Climate,https://olivenetwork.org/Issue/cop26-countries-hit-worst-by-climate-change-call-for-500bn-by-2024/25777,pending
25776,climate-change-five-dealmakers-who-will-influence-the-outcome-at-cop26,Climate,https://olivenetwork.org/Issue/climate-change-five-dealmakers-who-will-influence-the-outcome-at-cop26/25776,pending
25775,day-1-huge-task-ahead-for-cop26,Climate,https://olivenetwork.org/Issue/day-1-huge-task-ahead-for-cop26/25775,pending
25773,rich-countries-to-ramp-up-fossil-fuels-despite-net-zero-pledges-says-un,Climate,https://olivenetwork.org/Issue/rich-countries-to-ramp-up-fossil-fuels-despite-net-zero-pledges-says-un/25773,pending
25772,environmental-justice-foundation-taxpayers-are-funding-planetary-breakdown-harmful-subsidies-must-end,Climate,https://olivenetwork.org/Issue/environmental-justice-foundation-taxpayers-are-funding-planetary-breakdown-harmful-subsidies-must-end/25772,pending
25770,cop26-it-s-almost-here,Climate,https://olivenetwork.org/Issue/cop26-it-s-almost-here/25770,pending
25769,letter-from-45-million-medical-workers-warns-urgent-climate-action-needed-to-stop-impending-catastrophe,Climate,https://olivenetwork.org/Issue/letter-from-45-million-medical-workers-warns-urgent-climate-action-needed-to-stop-impending-catastrophe/25769,pending
25768,breaking-greenpeace-blocks-downing-street-over-oil-drilling,Climate,https://olivenetwork.org/Issue/breaking-greenpeace-blocks-downing-street-over-oil-drilling/25768,pending
25761,cop26-platform,Climate,https://olivenetwork.org/Issue/cop26-platform/25761,pending
25759,time-for-youth-to-take-the-wheel-say-speakers-at-sdg-moment,Climate,https://olivenetwork.org/Issue/time-for-youth-to-take-the-wheel-say-speakers-at-sdg-moment/25759,pending
25754,sdg-moment-will-provide-reality-check-with-nine-years-to-go,Climate,https://olivenetwork.org/Issue/sdg-moment-will-provide-reality-check-with-nine-years-to-go/25754,pending
25747,himalayan-countries-urge-for-measures-to-secure-mountain-communities-climate-resilience,Climate,https://olivenetwork.org/Issue/himalayan-countries-urge-for-measures-to-secure-mountain-communities-climate-resilience/25747,pending
25746,madrid-is-building-a-green-wall-made-up-of-75km-of-forests,Climate,https://olivenetwork.org/Issue/madrid-is-building-a-green-wall-made-up-of-75km-of-forests/25746,pending
25745,china-s-biggest-bank-ditches-zimbabwe-coal-plant,Climate,https://olivenetwork.org/Issue/china-s-biggest-bank-ditches-zimbabwe-coal-plant/25745,pending
25743,global-ceo-alliance-and-un-habitat-aim-to-support-1-000-cities-to-reach-the-sustainable-development-goals,Climate,https://olivenetwork.org/Issue/global-ceo-alliance-and-un-habitat-aim-to-support-1-000-cities-to-reach-the-sustainable-development-goals/25743,pending
25740,banks-urged-to-think-green-or-face-extinction,Climate,https://olivenetwork.org/Issue/banks-urged-to-think-green-or-face-extinction/25740,pending
25734,beyond-planting-trees-let-communities-lead-restoration,Climate,https://olivenetwork.org/Issue/beyond-planting-trees-let-communities-lead-restoration/25734,pending
25732,open-science-is-an-accelerator-for-sdgs-ana-persic-unesco,Climate,https://olivenetwork.org/Issue/open-science-is-an-accelerator-for-sdgs-ana-persic-unesco/25732,pending
25727,geneva-solutions-charting-a-new-path-to-protect-the-high-seas,Climate,https://olivenetwork.org/Issue/geneva-solutions-charting-a-new-path-to-protect-the-high-seas/25727,pending
25725,young-reporters-take-on-climate-action-from-their-classrooms,Climate,https://olivenetwork.org/Issue/young-reporters-take-on-climate-action-from-their-classrooms/25725,pending
25723,forum-for-the-future-how-will-you-reboot-the-future,Climate,https://olivenetwork.org/Issue/forum-for-the-future-how-will-you-reboot-the-future/25723,pending
25721,invest-in-climate-education-to-build-a-better-workforce-for-a-greener-future,Climate,https://olivenetwork.org/Issue/invest-in-climate-education-to-build-a-better-workforce-for-a-greener-future/25721,pending
25719,leaders-summit-on-climate-spurs-emissions-targets,Climate,https://olivenetwork.org/Issue/leaders-summit-on-climate-spurs-emissions-targets/25719,pending
25715,earth-day-teachers-from-every-corner-of-the-world-call-for-quality-climate-change-education-for-all,Climate,https://olivenetwork.org/Issue/earth-day-teachers-from-every-corner-of-the-world-call-for-quality-climate-change-education-for-all/25715,pending
25714,us-china-agree-to-cooperate-on-climate-crisis-with-urgency,Climate,https://olivenetwork.org/Issue/us-china-agree-to-cooperate-on-climate-crisis-with-urgency/25714,pending
25712,embracing-circularity-is-not-an-option-but-an-urgent-imperative,Climate,https://olivenetwork.org/Issue/embracing-circularity-is-not-an-option-but-an-urgent-imperative/25712,pending
25711,it-gave-me-hope-in-democracy-how-french-citizens-are-embracing-people-power,Climate,https://olivenetwork.org/Issue/it-gave-me-hope-in-democracy-how-french-citizens-are-embracing-people-power/25711,pending
25696,our-biggest-challenge-lack-of-imagination-the-scientists-turning-the-desert-green,Climate,https://olivenetwork.org/Issue/our-biggest-challenge-lack-of-imagination-the-scientists-turning-the-desert-green/25696,pending
25694,jeremy-deller-mints-his-first-nft-here-is-his-advice-for-other-artists,Climate,https://olivenetwork.org/Issue/jeremy-deller-mints-his-first-nft-here-is-his-advice-for-other-artists/25694,pending
25682,five-young-women-activists-to-watch-a-moderator-s-take,Climate,https://olivenetwork.org/Issue/five-young-women-activists-to-watch-a-moderator-s-take/25682,pending
25679,sdgs-a-global-plan-for-investment-in-a-post-covid-world,Climate,https://olivenetwork.org/Issue/sdgs-a-global-plan-for-investment-in-a-post-covid-world/25679,pending
25672,dear-future-children-a-film-about-young-activists-made-by-young-filmmakers,Climate,https://olivenetwork.org/Issue/dear-future-children-a-film-about-young-activists-made-by-young-filmmakers/25672,pending
25671,les-yeux-du-monde-sur-l-action-climatique,Climate,https://olivenetwork.org/Issue/les-yeux-du-monde-sur-l-action-climatique/25671,pending
25669,msf-director-on-climate-we-are-at-a-crucial-moment-in-the-history-of-mankind,Climate,https://olivenetwork.org/Issue/msf-director-on-climate-we-are-at-a-crucial-moment-in-the-history-of-mankind/25669,pending
25668,rescue-plan-for-nature-how-to-fix-the-biodiversity-crisis-new-scientist,Climate,https://olivenetwork.org/Issue/rescue-plan-for-nature-how-to-fix-the-biodiversity-crisis-new-scientist/25668,pending
25664,un-offers-science-based-blueprint-to-tackle-climate-crisis-biodiversity-loss-and-pollution,Climate,https://olivenetwork.org/Issue/un-offers-science-based-blueprint-to-tackle-climate-crisis-biodiversity-loss-and-pollution/25664,pending
25662,denmark-to-build-first-energy-island-in-north-sea,Climate,https://olivenetwork.org/Issue/denmark-to-build-first-energy-island-in-north-sea/25662,pending
25661,setting-sail-to-beat-plastic-pollution-museum-for-the-un-un-live,Climate,https://olivenetwork.org/Issue/setting-sail-to-beat-plastic-pollution-museum-for-the-un-un-live/25661,pending
25659,cop26-dream-team-the-people-setting-the-climate-agenda-on-seven-key-issues,Climate,https://olivenetwork.org/Issue/cop26-dream-team-the-people-setting-the-climate-agenda-on-seven-key-issues/25659,pending
25658,youth-environment-assembly,Climate,https://olivenetwork.org/Issue/youth-environment-assembly/25658,pending
25651,gaming-for-good-how-playmob-connects-gamers-to-the-sdgs,Climate,https://olivenetwork.org/Issue/gaming-for-good-how-playmob-connects-gamers-to-the-sdgs/25651,pending
25643,ant-nio-guterres-2021-is-the-year-to-reconcile-humanity-with-nature,Climate,https://olivenetwork.org/Issue/ant-nio-guterres-2021-is-the-year-to-reconcile-humanity-with-nature/25643,pending
25640,world-leaders-promise-to-step-up-efforts-to-prepare-for-climate-impact,Climate,https://olivenetwork.org/Issue/world-leaders-promise-to-step-up-efforts-to-prepare-for-climate-impact/25640,pending
25638,i-ve-said-goodbye-to-normal-you-should-too,Climate,https://olivenetwork.org/Issue/i-ve-said-goodbye-to-normal-you-should-too/25638,pending
25621,restoring-oceans-could-create-100-000-jobs-and-give-50bn-boost-to-economy-in-uk,Climate,https://olivenetwork.org/Issue/restoring-oceans-could-create-100-000-jobs-and-give-50bn-boost-to-economy-in-uk/25621,pending
25619,the-diy-wooden-drones-reforesting-spain,Climate,https://olivenetwork.org/Issue/the-diy-wooden-drones-reforesting-spain/25619,pending
25616,the-radio-station-at-the-heart-of-a-fishing-community,Climate,https://olivenetwork.org/Issue/the-radio-station-at-the-heart-of-a-fishing-community/25616,pending
25606,growing-momentum-to-make-2021-the-global-action-year-for-sustainable-energy,Climate,https://olivenetwork.org/Issue/growing-momentum-to-make-2021-the-global-action-year-for-sustainable-energy/25606,pending
25601,how-to-create-a-government-that-considers-future-generations,Climate,https://olivenetwork.org/Issue/how-to-create-a-government-that-considers-future-generations/25601,pending
25591,passblue-a-global-forest-treaty-is-needed-now,Climate,https://olivenetwork.org/Issue/passblue-a-global-forest-treaty-is-needed-now/25591,pending
25589,thyssen-bornemisza-museo-nacional-how-to-tread-lightly,Climate,https://olivenetwork.org/Issue/thyssen-bornemisza-museo-nacional-how-to-tread-lightly/25589,pending
25587,reimagining-museums-for-climate-action,Climate,https://olivenetwork.org/Issue/reimagining-museums-for-climate-action/25587,pending
25585,on-culture-and-climate-artist-talk-with-john-akomfrah-and-olafur-eliasson,Climate,https://olivenetwork.org/Issue/on-culture-and-climate-artist-talk-with-john-akomfrah-and-olafur-eliasson/25585,pending
25579,climate-crisis-how-museums-could-inspire-radical-action,Climate,https://olivenetwork.org/Issue/climate-crisis-how-museums-could-inspire-radical-action/25579,pending
25576,un-biodiversity-summit-supports-2030-agenda-aligned-post-2020-framework,Climate,https://olivenetwork.org/Issue/un-biodiversity-summit-supports-2030-agenda-aligned-post-2020-framework/25576,pending
25574,stop-financing-fossil-fuel-projects-un-chief-tells-development-banks,Climate,https://olivenetwork.org/Issue/stop-financing-fossil-fuel-projects-un-chief-tells-development-banks/25574,pending
25573,oecd-and-undp-launch-a-plan-to-align-global-finance-with-sustainable-development,Climate,https://olivenetwork.org/Issue/oecd-and-undp-launch-a-plan-to-align-global-finance-with-sustainable-development/25573,pending
25572,four-climate-strategies-that-could-reach-across-partisan-divides,Climate,https://olivenetwork.org/Issue/four-climate-strategies-that-could-reach-across-partisan-divides/25572,pending
25570,global-assessment-report-on-disaster-risk-reduction,Climate,https://olivenetwork.org/Issue/global-assessment-report-on-disaster-risk-reduction/25570,pending
25569,the-race-to-zero-a-masterplan-to-tip-the-system-before-it-s-too-late,Climate,https://olivenetwork.org/Issue/the-race-to-zero-a-masterplan-to-tip-the-system-before-it-s-too-late/25569,pending
25565,crises-have-changed-can-the-aid-industry,Climate,https://olivenetwork.org/Issue/crises-have-changed-can-the-aid-industry/25565,pending
25562,youth-activists-are-holding-their-own-climate-summit,Climate,https://olivenetwork.org/Issue/youth-activists-are-holding-their-own-climate-summit/25562,pending
25561,paris-peace-forum-2020,Climate,https://olivenetwork.org/Issue/paris-peace-forum-2020/25561,pending
25560,climate-finance-for-developing-countries-is-rising,Climate,https://olivenetwork.org/Issue/climate-finance-for-developing-countries-is-rising/25560,pending
25559,investors-urge-companies-to-advance-no-deforestation-efforts,Climate,https://olivenetwork.org/Issue/investors-urge-companies-to-advance-no-deforestation-efforts/25559,pending
25557,kate-raworth-and-hans-ulrich-obrist-turning-a-radical-idea-into-action,Climate,https://olivenetwork.org/Issue/kate-raworth-and-hans-ulrich-obrist-turning-a-radical-idea-into-action/25557,pending
25544,eif-and-undp-to-strengthen-cooperation-for-sustainable-finance,Climate,https://olivenetwork.org/Issue/eif-and-undp-to-strengthen-cooperation-for-sustainable-finance/25544,pending
25537,gcc-gallery-climate-coalition,Climate,https://olivenetwork.org/Issue/gcc-gallery-climate-coalition/25537,pending
25530,planet-hope-rendez-vous-bundesplatz,Climate,https://olivenetwork.org/Issue/planet-hope-rendez-vous-bundesplatz/25530,pending
25522,the-time-is-now-museums-as-agents-of-change-hosted-by-the-museum-for-the-united-nations-un-live,Climate,https://olivenetwork.org/Issue/the-time-is-now-museums-as-agents-of-change-hosted-by-the-museum-for-the-united-nations-un-live/25522,pending
25521,reuters-pull-investments-from-companies-not-committed-to-environment-pope-says,Climate,https://olivenetwork.org/Issue/reuters-pull-investments-from-companies-not-committed-to-environment-pope-says/25521,pending
25516,the-center-for-humane-technology-the-stubborn-optimist-s-guide-to-saving-the-planet,Climate,https://olivenetwork.org/Issue/the-center-for-humane-technology-the-stubborn-optimist-s-guide-to-saving-the-planet/25516,pending
25515,fratelli-tutti-pope-francis-delivers-new-teaching-aimed-at-healing-divisions-in-the-face-of-coronavirus,Climate,https://olivenetwork.org/Issue/fratelli-tutti-pope-francis-delivers-new-teaching-aimed-at-healing-divisions-in-the-face-of-coronavirus/25515,pending
25510,the-power-of-collaboration-may-be-one-silver-lining-of-the-covid-19-crisis,Climate,https://olivenetwork.org/Issue/the-power-of-collaboration-may-be-one-silver-lining-of-the-covid-19-crisis/25510,pending
25503,climate-action-12-major-cities-commit-to-divest-from-fossil-fuel-companies,Climate,https://olivenetwork.org/Issue/climate-action-12-major-cities-commit-to-divest-from-fossil-fuel-companies/25503,pending
25497,conservation-international-imagine-for-a-minute,Climate,https://olivenetwork.org/Issue/conservation-international-imagine-for-a-minute/25497,pending
25495,wef-nearly-9-in-10-people-globally-want-a-more-sustainable-and-equitable-world-post-covid-19,Climate,https://olivenetwork.org/Issue/wef-nearly-9-in-10-people-globally-want-a-more-sustainable-and-equitable-world-post-covid-19/25495,pending
25494,geneva-solutions-elise-buckle-it-s-time-for-a-global-reset-to-rebalance-our-relationship-with-nature,Climate,https://olivenetwork.org/Issue/geneva-solutions-elise-buckle-it-s-time-for-a-global-reset-to-rebalance-our-relationship-with-nature/25494,pending
25490,bolster-fragile-world-to-emerge-stronger-un-chief-urges-marking-peace-day,Climate,https://olivenetwork.org/Issue/bolster-fragile-world-to-emerge-stronger-un-chief-urges-marking-peace-day/25490,pending
25489,amateurs-to-the-rescue-politicians-should-take-citizens-assemblies-seriously,Climate,https://olivenetwork.org/Issue/amateurs-to-the-rescue-politicians-should-take-citizens-assemblies-seriously/25489,pending
25488,is-it-the-end-of-the-oil-age,Climate,https://olivenetwork.org/Issue/is-it-the-end-of-the-oil-age/25488,pending
25487,mexico-becomes-first-country-to-launch-sdg-sovereign-bond,Climate,https://olivenetwork.org/Issue/mexico-becomes-first-country-to-launch-sdg-sovereign-bond/25487,pending
25479,ozone-treaties-inspiring-examples-of-political-will-un-chief-says-on-international-day,Climate,https://olivenetwork.org/Issue/ozone-treaties-inspiring-examples-of-political-will-un-chief-says-on-international-day/25479,pending
25478,we-must-use-the-covid-crisis-to-reshape-our-society-and-economy,Climate,https://olivenetwork.org/Issue/we-must-use-the-covid-crisis-to-reshape-our-society-and-economy/25478,pending
25476,sophie-swaton-let-s-humbly-return-back-to-earth-and-protect-it-while-there-is-still-time,Climate,https://olivenetwork.org/Issue/sophie-swaton-let-s-humbly-return-back-to-earth-and-protect-it-while-there-is-still-time/25476,pending
25449,if-democracy-looks-doomed-extinction-rebellion-may-have-an-answer,Climate,https://olivenetwork.org/Issue/if-democracy-looks-doomed-extinction-rebellion-may-have-an-answer/25449,pending
25446,geneva-solutions-why-enabling-all-children-to-flourish-helps-tackle-the-climate-crisis,Climate,https://olivenetwork.org/Issue/geneva-solutions-why-enabling-all-children-to-flourish-helps-tackle-the-climate-crisis/25446,pending
25443,bristol-to-hold-citizens-assembly-on-coronavirus-recovery,Climate,https://olivenetwork.org/Issue/bristol-to-hold-citizens-assembly-on-coronavirus-recovery/25443,pending
25432,evergreening-global-alliance-regreening-hearts-and-minds,Climate,https://olivenetwork.org/Issue/evergreening-global-alliance-regreening-hearts-and-minds/25432,pending
25428,want-to-fight-climate-change-keep-nature-intact,Climate,https://olivenetwork.org/Issue/want-to-fight-climate-change-keep-nature-intact/25428,pending
25426,we-ve-got-to-start-thinking-beyond-our-own-lifespans-if-we-re-going-to-avoid-extinction,Climate,https://olivenetwork.org/Issue/we-ve-got-to-start-thinking-beyond-our-own-lifespans-if-we-re-going-to-avoid-extinction/25426,pending
25422,project-everyone-the-sustainable-development-goals,Climate,https://olivenetwork.org/Issue/project-everyone-the-sustainable-development-goals/25422,pending
25417,museums-are-experts-at-thinking-long-term-that-s-why-they-must-lead-the-fight-for-a-greener-future-before-it-s-too-late,Climate,https://olivenetwork.org/Issue/museums-are-experts-at-thinking-long-term-that-s-why-they-must-lead-the-fight-for-a-greener-future-before-it-s-too-late/25417,pending
25412,nesta-four-coronavirus-futures,Climate,https://olivenetwork.org/Issue/nesta-four-coronavirus-futures/25412,pending
25393,reimagining-the-future-of-skills-what-do-young-people-think,Climate,https://olivenetwork.org/Issue/reimagining-the-future-of-skills-what-do-young-people-think/25393,pending
25389,395-million-new-jobs-by-2030-if-businesses-prioritize-nature-says-world-economic-forum,Climate,https://olivenetwork.org/Issue/395-million-new-jobs-by-2030-if-businesses-prioritize-nature-says-world-economic-forum/25389,pending
25383,bbc-analysis-thinking-for-the-long-term,Climate,https://olivenetwork.org/Issue/bbc-analysis-thinking-for-the-long-term/25383,pending
25379,on-the-75th-anniversary-of-the-un-charter-multilateralism-remains-key,Climate,https://olivenetwork.org/Issue/on-the-75th-anniversary-of-the-un-charter-multilateralism-remains-key/25379,pending
25375,the-climate-coalition,Climate,https://olivenetwork.org/Issue/the-climate-coalition/25375,pending
25374,us-to-join-summit-on-global-green-recovery-from-covid-19-crisis,Climate,https://olivenetwork.org/Issue/us-to-join-summit-on-global-green-recovery-from-covid-19-crisis/25374,pending
25371,the-elders-finding-humanity-podcast,Climate,https://olivenetwork.org/Issue/the-elders-finding-humanity-podcast/25371,pending
25362,julie-s-bicycle-a-just-and-green-cultural-recovery,Climate,https://olivenetwork.org/Issue/julie-s-bicycle-a-just-and-green-cultural-recovery/25362,pending
25353,world-environment-day-global-institutions-call-for-a-global-green-recovery,Climate,https://olivenetwork.org/Issue/world-environment-day-global-institutions-call-for-a-global-green-recovery/25353,pending
25349,the-citizens-assembly-on-climate-change,Climate,https://olivenetwork.org/Issue/the-citizens-assembly-on-climate-change/25349,pending
25331,over-200-british-firms-urge-government-to-align-economic-recovery-with-net-zero-goal,Climate,https://olivenetwork.org/Issue/over-200-british-firms-urge-government-to-align-economic-recovery-with-net-zero-goal/25331,pending
25328,kofi-annan-foundation-democracy-must-not-become-the-silent-victim-of-the-coronavirus-pandemic,Climate,https://olivenetwork.org/Issue/kofi-annan-foundation-democracy-must-not-become-the-silent-victim-of-the-coronavirus-pandemic/25328,pending
25323,krisis-a-manifesto-for-the-future,Climate,https://olivenetwork.org/Issue/krisis-a-manifesto-for-the-future/25323,pending
25319,coronavirus-is-a-sliding-doors-moment-what-we-do-now-could-change-earth-s-trajectory,Climate,https://olivenetwork.org/Issue/coronavirus-is-a-sliding-doors-moment-what-we-do-now-could-change-earth-s-trajectory/25319,pending
25316,tuc-boss-calls-for-new-council-to-build-fairer-economy-after-covid-19,Climate,https://olivenetwork.org/Issue/tuc-boss-calls-for-new-council-to-build-fairer-economy-after-covid-19/25316,pending
25311,the-observer-view-on-the-world-needing-the-united-nations-more-than-ever,Climate,https://olivenetwork.org/Issue/the-observer-view-on-the-world-needing-the-united-nations-more-than-ever/25311,pending
25309,contribuez-la-consultation-du-collectif-lejourdapr-s,Climate,https://olivenetwork.org/Issue/contribuez-la-consultation-du-collectif-lejourdapr-s/25309,pending
25300,around-the-world-c40-cities-are-taking-bold-climate-action-leading-the-way-towards-a-healthier-and-more-sustainable-future,Climate,https://olivenetwork.org/Issue/around-the-world-c40-cities-are-taking-bold-climate-action-leading-the-way-towards-a-healthier-and-more-sustainable-future/25300,pending
25297,world-cannot-return-to-business-as-usual-after-covid-19-say-mayors,Climate,https://olivenetwork.org/Issue/world-cannot-return-to-business-as-usual-after-covid-19-say-mayors/25297,pending
25296,coronavirus-is-a-failure-of-global-governance-now-the-world-needs-a-radical-transformation,Climate,https://olivenetwork.org/Issue/coronavirus-is-a-failure-of-global-governance-now-the-world-needs-a-radical-transformation/25296,pending
25292,new-new-deal-towards-a-new-era-of-social-imagination,Climate,https://olivenetwork.org/Issue/new-new-deal-towards-a-new-era-of-social-imagination/25292,pending
25284,how-can-we-emerge-from-the-crisis-into-a-more-resilient-sustainable-future,Climate,https://olivenetwork.org/Issue/how-can-we-emerge-from-the-crisis-into-a-more-resilient-sustainable-future/25284,pending
25263,the-impossible-has-already-happened-what-coronavirus-can-teach-us-about-hope,Climate,https://olivenetwork.org/Issue/the-impossible-has-already-happened-what-coronavirus-can-teach-us-about-hope/25263,pending
25261,covid-19-is-not-a-silver-lining-for-the-climate-says-un-environment-chief,Climate,https://olivenetwork.org/Issue/covid-19-is-not-a-silver-lining-for-the-climate-says-un-environment-chief/25261,pending
25237,greenpeace-climate-change-affects-rich-and-poor-unequally-climate-justice-redresses-the-balance,Climate,https://olivenetwork.org/Issue/greenpeace-climate-change-affects-rich-and-poor-unequally-climate-justice-redresses-the-balance/25237,pending
25224,water-aid-introducing-mali-s-coolest-water-technician,Climate,https://olivenetwork.org/Issue/water-aid-introducing-mali-s-coolest-water-technician/25224,pending
25203,global-optimism-2020-the-start-of-the-exponential-decade,Climate,https://olivenetwork.org/Issue/global-optimism-2020-the-start-of-the-exponential-decade/25203,pending
25155,blackrock-joins-climate-action-100-to-ensure-largest-corporate-emitters-act-on-climate-crisis,Climate,https://olivenetwork.org/Issue/blackrock-joins-climate-action-100-to-ensure-largest-corporate-emitters-act-on-climate-crisis/25155,pending
25151,the-water-peace-and-security-partnership,Climate,https://olivenetwork.org/Issue/the-water-peace-and-security-partnership/25151,pending
25142,staying-alive-st-ives-extinction-rebellion-itv-news,Climate,https://olivenetwork.org/Issue/staying-alive-st-ives-extinction-rebellion-itv-news/25142,pending
25060,photos-what-the-youth-climate-strike-looks-like-around-the-world,Climate,https://olivenetwork.org/Issue/photos-what-the-youth-climate-strike-looks-like-around-the-world/25060,pending
25059,it-s-not-just-greta-thunberg-why-are-we-ignoring-the-developing-world-s-inspiring-activists,Climate,https://olivenetwork.org/Issue/it-s-not-just-greta-thunberg-why-are-we-ignoring-the-developing-world-s-inspiring-activists/25059,pending
25038,greta-thunberg-blasts-world-leaders-in-emotional-speech-at-u-n-climate-summit,Climate,https://olivenetwork.org/Issue/greta-thunberg-blasts-world-leaders-in-emotional-speech-at-u-n-climate-summit/25038,pending
25027,greta-thunberg-we-are-ignoring-natural-climate-solutions,Climate,https://olivenetwork.org/Issue/greta-thunberg-we-are-ignoring-natural-climate-solutions/25027,pending
25019,ireland-to-plant-440-million-trees-in-20-years-to-fight-climate-change,Climate,https://olivenetwork.org/Issue/ireland-to-plant-440-million-trees-in-20-years-to-fight-climate-change/25019,pending
24984,ethiopia-planted-350-million-trees-in-a-day-and-its-fight-against-deforestation-does-not-stop-there,Climate,https://olivenetwork.org/Issue/ethiopia-planted-350-million-trees-in-a-day-and-its-fight-against-deforestation-does-not-stop-there/24984,pending
24982,the-guardian-view-on-climate-breakdown-an-emergency-for-all-but-especially-the-poor,Climate,https://olivenetwork.org/Issue/the-guardian-view-on-climate-breakdown-an-emergency-for-all-but-especially-the-poor/24982,pending
24959,no-doubt-left-about-scientific-consensus-on-global-warming-say-experts,Climate,https://olivenetwork.org/Issue/no-doubt-left-about-scientific-consensus-on-global-warming-say-experts/24959,pending
24856,unearthed-greenpeace,Climate,https://olivenetwork.org/Issue/unearthed-greenpeace/24856,pending
24849,it-s-time-for-nations-to-unite-around-an-international-green-new-deal,Climate,https://olivenetwork.org/Issue/it-s-time-for-nations-to-unite-around-an-international-green-new-deal/24849,pending
24824,greta-thunberg-tedxstockholm,Climate,https://olivenetwork.org/Issue/greta-thunberg-tedxstockholm/24824,pending
24738,a-personal-and-professional-perspective-on-the-school-climate-strike,Climate,https://olivenetwork.org/Issue/a-personal-and-professional-perspective-on-the-school-climate-strike/24738,pending
24650,la-nature-parle-marion-cotillard-est-la-maison,Climate,https://olivenetwork.org/Issue/la-nature-parle-marion-cotillard-est-la-maison/24650,pending
26323,featured-artwork-marie-claire-hamon-sorrow,Arts & Culture,https://olivenetwork.org/Issue/featured-artwork-marie-claire-hamon-sorrow/26323,pending
26288,voices-for-now-for-tomorrow-edition-2,Arts & Culture,https://olivenetwork.org/Issue/voices-for-now-for-tomorrow-edition-2/26288,pending
26309,the-other-tree-of-guernica-e-flux-education,Arts & Culture,https://olivenetwork.org/Issue/the-other-tree-of-guernica-e-flux-education/26309,pending
26307,the-hope-forum-2026,Arts & Culture,https://olivenetwork.org/Issue/the-hope-forum-2026/26307,pending
26297,iranian-cinema,Arts & Culture,https://olivenetwork.org/Issue/iranian-cinema/26297,pending
26291,radical-abundance-how-to-win-a-green-democratic-future,Arts & Culture,https://olivenetwork.org/Issue/radical-abundance-how-to-win-a-green-democratic-future/26291,pending
26285,pope-francis-the-power-of-solidarity,Arts & Culture,https://olivenetwork.org/Issue/pope-francis-the-power-of-solidarity/26285,pending
26283,welcome-the-stranger-mayor-mamdani,Arts & Culture,https://olivenetwork.org/Issue/welcome-the-stranger-mayor-mamdani/26283,pending
26280,the-phoenix-is-a-sustainable-neighbourhood-on-a-former-industrial-site,Arts & Culture,https://olivenetwork.org/Issue/the-phoenix-is-a-sustainable-neighbourhood-on-a-former-industrial-site/26280,pending
26279,educating-for-the-future-we-want,Arts & Culture,https://olivenetwork.org/Issue/educating-for-the-future-we-want/26279,pending
26278,sir-ian-mckellan-recites-shakespeare-on-immigration,Arts & Culture,https://olivenetwork.org/Issue/sir-ian-mckellan-recites-shakespeare-on-immigration/26278,pending
26277,national-gallery-launches-citizens-assembly-as-a-step-towards-inclusive-governance,Arts & Culture,https://olivenetwork.org/Issue/national-gallery-launches-citizens-assembly-as-a-step-towards-inclusive-governance/26277,pending
26270,an-unfinished-cinema-abbas-kiarostami,Arts & Culture,https://olivenetwork.org/Issue/an-unfinished-cinema-abbas-kiarostami/26270,pending
26264,voices-for-now-for-tomorrow,Arts & Culture,https://olivenetwork.org/Issue/voices-for-now-for-tomorrow/26264,pending
26261,paper-and-pen-diaries-are-forever,Arts & Culture,https://olivenetwork.org/Issue/paper-and-pen-diaries-are-forever/26261,pending
26258,emotional-labour-of-social-practice-artists-moving-towards-sustainable-collective-care,Arts & Culture,https://olivenetwork.org/Issue/emotional-labour-of-social-practice-artists-moving-towards-sustainable-collective-care/26258,pending
26252,doha-social-summit-path-to-fairer-societies-begins-in-the-classroom,Arts & Culture,https://olivenetwork.org/Issue/doha-social-summit-path-to-fairer-societies-begins-in-the-classroom/26252,pending
26237,museion-academy-international-symposium-culture-as-a-commons,Arts & Culture,https://olivenetwork.org/Issue/museion-academy-international-symposium-culture-as-a-commons/26237,pending
26233,historian-william-dalrymple-speaks-about-gaza,Arts & Culture,https://olivenetwork.org/Issue/historian-william-dalrymple-speaks-about-gaza/26233,pending
26231,enduring-game-expanding-new-models-of-museum-making,Arts & Culture,https://olivenetwork.org/Issue/enduring-game-expanding-new-models-of-museum-making/26231,pending
26227,a-world-in-need-of-poets,Arts & Culture,https://olivenetwork.org/Issue/a-world-in-need-of-poets/26227,pending
26226,arundhati-roy-on,Arts & Culture,https://olivenetwork.org/Issue/arundhati-roy-on/26226,pending
26224,who-is-madleen,Arts & Culture,https://olivenetwork.org/Issue/who-is-madleen/26224,pending
26223,freedom-flotilla-madleen-tracker,Arts & Culture,https://olivenetwork.org/Issue/freedom-flotilla-madleen-tracker/26223,pending
26214,lower-frequencies-steve-mcqueen-s-bass-as-cinematic-space,Arts & Culture,https://olivenetwork.org/Issue/lower-frequencies-steve-mcqueen-s-bass-as-cinematic-space/26214,pending
26206,shadowily-in-different-tongues,Arts & Culture,https://olivenetwork.org/Issue/shadowily-in-different-tongues/26206,pending
26203,fundaci-mir-mallorca-max-de-esteban-extinction,Arts & Culture,https://olivenetwork.org/Issue/fundaci-mir-mallorca-max-de-esteban-extinction/26203,pending
26202,tilda-swinton,Arts & Culture,https://olivenetwork.org/Issue/tilda-swinton/26202,pending
26200,tech-fascism-is-not-inevitable-community-is-the-alternative,Arts & Culture,https://olivenetwork.org/Issue/tech-fascism-is-not-inevitable-community-is-the-alternative/26200,pending
26196,it-is-everything-art-gets-a-bad-name-for-and-everything-i-love-damien-hirst-and-cornelia-parker-on-choosing-artworks-for-schools,Arts & Culture,https://olivenetwork.org/Issue/it-is-everything-art-gets-a-bad-name-for-and-everything-i-love-damien-hirst-and-cornelia-parker-on-choosing-artworks-for-schools/26196,pending
26192,soils-l-internationale,Arts & Culture,https://olivenetwork.org/Issue/soils-l-internationale/26192,pending
26191,lunana-a-yak-in-the-classroom,Arts & Culture,https://olivenetwork.org/Issue/lunana-a-yak-in-the-classroom/26191,pending
26189,discover-the-vibrant-textile-works-of-romani-artist-ma-gorzata-mirga-tas,Arts & Culture,https://olivenetwork.org/Issue/discover-the-vibrant-textile-works-of-romani-artist-ma-gorzata-mirga-tas/26189,pending
26188,francis-al-s-s-the-gibraltar-projects,Arts & Culture,https://olivenetwork.org/Issue/francis-al-s-s-the-gibraltar-projects/26188,pending
26185,between-worlds-resonant-ecologies,Arts & Culture,https://olivenetwork.org/Issue/between-worlds-resonant-ecologies/26185,pending
26182,shelter,Arts & Culture,https://olivenetwork.org/Issue/shelter/26182,pending
26179,unicef-global-learning-innovation-hub,Arts & Culture,https://olivenetwork.org/Issue/unicef-global-learning-innovation-hub/26179,pending
26171,louisiana-museum-ocean,Arts & Culture,https://olivenetwork.org/Issue/louisiana-museum-ocean/26171,pending
26170,museums-and-societal-collapse-the-museum-as-lifeboat,Arts & Culture,https://olivenetwork.org/Issue/museums-and-societal-collapse-the-museum-as-lifeboat/26170,pending
26163,art-changes-people-and-people-change-the-world-the-artists-targeting-un-s-general-assembly,Arts & Culture,https://olivenetwork.org/Issue/art-changes-people-and-people-change-the-world-the-artists-targeting-un-s-general-assembly/26163,pending
26160,venice-biennale-dryland,Arts & Culture,https://olivenetwork.org/Issue/venice-biennale-dryland/26160,pending
26153,voltaire-and-technology-s-liberating-power,Arts & Culture,https://olivenetwork.org/Issue/voltaire-and-technology-s-liberating-power/26153,pending
26150,venice-biennale-the-pleasures-we-choose,Arts & Culture,https://olivenetwork.org/Issue/venice-biennale-the-pleasures-we-choose/26150,pending
26147,chile-cosmonaci-n,Arts & Culture,https://olivenetwork.org/Issue/chile-cosmonaci-n/26147,pending
26146,china-people-s-republic-of-atlas-harmony-in-diversity,Arts & Culture,https://olivenetwork.org/Issue/china-people-s-republic-of-atlas-harmony-in-diversity/26146,pending
26125,bouchra-khalili-all-tomorrow-s-revolutions,Arts & Culture,https://olivenetwork.org/Issue/bouchra-khalili-all-tomorrow-s-revolutions/26125,pending
26088,innovative-museums-set-to-open-globally-in-2024,Arts & Culture,https://olivenetwork.org/Issue/innovative-museums-set-to-open-globally-in-2024/26088,pending
26069,international-school-for-peace,Arts & Culture,https://olivenetwork.org/Issue/international-school-for-peace/26069,pending
26060,countries-grapple-with-shaping-ai-governance-amid-heightened-global-tensions,Arts & Culture,https://olivenetwork.org/Issue/countries-grapple-with-shaping-ai-governance-amid-heightened-global-tensions/26060,pending
26037,tunes-for-transformation-how-ancient-chinese-music-inspires-positive-change,Arts & Culture,https://olivenetwork.org/Issue/tunes-for-transformation-how-ancient-chinese-music-inspires-positive-change/26037,pending
26027,international-nowruz-day-21-march,Arts & Culture,https://olivenetwork.org/Issue/international-nowruz-day-21-march/26027,pending
26026,marking-the-web-s-35th-birthday-an-open-letter,Arts & Culture,https://olivenetwork.org/Issue/marking-the-web-s-35th-birthday-an-open-letter/26026,pending
26021,art-2030-teresa-margolles-researches-the-social-causes-and-consequences-of-death,Arts & Culture,https://olivenetwork.org/Issue/art-2030-teresa-margolles-researches-the-social-causes-and-consequences-of-death/26021,pending
26005,water-bear-a-wild-education,Arts & Culture,https://olivenetwork.org/Issue/water-bear-a-wild-education/26005,pending
25972,success-in-finland-education,Arts & Culture,https://olivenetwork.org/Issue/success-in-finland-education/25972,pending
25964,a-convening-of-civic-poets,Arts & Culture,https://olivenetwork.org/Issue/a-convening-of-civic-poets/25964,pending
25960,we-have-established-the-lesson-for-the-entire-world,Arts & Culture,https://olivenetwork.org/Issue/we-have-established-the-lesson-for-the-entire-world/25960,pending
25955,a-new-experimental-art-center-has-opened-in-bethlehem-and-it-hopes-to-bring-the-art-world-to-the-west-bank,Arts & Culture,https://olivenetwork.org/Issue/a-new-experimental-art-center-has-opened-in-bethlehem-and-it-hopes-to-bring-the-art-world-to-the-west-bank/25955,pending
25952,pope-hosts-artists-in-sistine-chapel-even-some-who-attracted-controversy,Arts & Culture,https://olivenetwork.org/Issue/pope-hosts-artists-in-sistine-chapel-even-some-who-attracted-controversy/25952,pending
25951,bridging-the-gap-with-classical-music,Arts & Culture,https://olivenetwork.org/Issue/bridging-the-gap-with-classical-music/25951,pending
25950,forum-for-the-future-food,Arts & Culture,https://olivenetwork.org/Issue/forum-for-the-future-food/25950,pending
25947,international-museum-day-2023-to-focus-on-sustainability-and-well-being,Arts & Culture,https://olivenetwork.org/Issue/international-museum-day-2023-to-focus-on-sustainability-and-well-being/25947,pending
25941,un-news-freedom-of-the-press-under-attack-worldwide,Arts & Culture,https://olivenetwork.org/Issue/un-news-freedom-of-the-press-under-attack-worldwide/25941,pending
25937,gagosian-rites-of-passage,Arts & Culture,https://olivenetwork.org/Issue/gagosian-rites-of-passage/25937,pending
25936,art-can-impact-society-watch-how-artist-minerva-cuevas-uses-her-creative-practice-to-trigger-real-world-change,Arts & Culture,https://olivenetwork.org/Issue/art-can-impact-society-watch-how-artist-minerva-cuevas-uses-her-creative-practice-to-trigger-real-world-change/25936,pending
25922,kamala-ibrahim-ishag-states-of-oneness,Arts & Culture,https://olivenetwork.org/Issue/kamala-ibrahim-ishag-states-of-oneness/25922,pending
25912,german-artist-julian-rosefeldt-s-new-film-weaves-2-000-years-worth-of-cultural-history-into-a-commentary-on-capitalist-greed,Arts & Culture,https://olivenetwork.org/Issue/german-artist-julian-rosefeldt-s-new-film-weaves-2-000-years-worth-of-cultural-history-into-a-commentary-on-capitalist-greed/25912,pending
25909,unesco-culture-protecting-our-heritage-and-fostering-creativity,Arts & Culture,https://olivenetwork.org/Issue/unesco-culture-protecting-our-heritage-and-fostering-creativity/25909,pending
25897,at-cop27-artists-are-installing-their-work-to-urge-heads-of-state-to-act-on-climate-change,Arts & Culture,https://olivenetwork.org/Issue/at-cop27-artists-are-installing-their-work-to-urge-heads-of-state-to-act-on-climate-change/25897,pending
25894,as-un-prepares-for-cop27-we-look-at-which-art-initiatives-are-working-alongside-governments-to-create-real-environmental-change,Arts & Culture,https://olivenetwork.org/Issue/as-un-prepares-for-cop27-we-look-at-which-art-initiatives-are-working-alongside-governments-to-create-real-environmental-change/25894,pending
25887,it-s-time-to-wake-up-artist-cecilia-vicu-a-on-her-monumental-soft-sculptures-and-their-hard-message-about-planetary-survival,Arts & Culture,https://olivenetwork.org/Issue/it-s-time-to-wake-up-artist-cecilia-vicu-a-on-her-monumental-soft-sculptures-and-their-hard-message-about-planetary-survival/25887,pending
25872,the-role-of-creative-industries-in-developing-countries-experts-opinions,Arts & Culture,https://olivenetwork.org/Issue/the-role-of-creative-industries-in-developing-countries-experts-opinions/25872,pending
25869,ghanaian-curator-nana-oforiatta-ayim-on-why-the-future-of-the-museum-must-exist-beyond-art-s-traditional-boundaries,Arts & Culture,https://olivenetwork.org/Issue/ghanaian-curator-nana-oforiatta-ayim-on-why-the-future-of-the-museum-must-exist-beyond-art-s-traditional-boundaries/25869,pending
25867,indian-girl-school-offers-opportunities-for-the-marginalized,Arts & Culture,https://olivenetwork.org/Issue/indian-girl-school-offers-opportunities-for-the-marginalized/25867,pending
25866,the-good-web,Arts & Culture,https://olivenetwork.org/Issue/the-good-web/25866,pending
25850,progressive-internationalism-introducing-the-art-of-internationalism,Arts & Culture,https://olivenetwork.org/Issue/progressive-internationalism-introducing-the-art-of-internationalism/25850,pending
25846,refugee-week-southbank-centre-dance-with-little-amal,Arts & Culture,https://olivenetwork.org/Issue/refugee-week-southbank-centre-dance-with-little-amal/25846,pending
25842,6-museums-successfully-cementing-relationships-with-their-audiences,Arts & Culture,https://olivenetwork.org/Issue/6-museums-successfully-cementing-relationships-with-their-audiences/25842,pending
25838,the-hope-forum,Arts & Culture,https://olivenetwork.org/Issue/the-hope-forum/25838,pending
25833,unesco-world-poetry-day,Arts & Culture,https://olivenetwork.org/Issue/unesco-world-poetry-day/25833,pending
25830,violinists-across-29-countries-play-to-support-ukraine,Arts & Culture,https://olivenetwork.org/Issue/violinists-across-29-countries-play-to-support-ukraine/25830,pending
25782,united-nations-alliance-of-civilizations-unaoc,Arts & Culture,https://olivenetwork.org/Issue/united-nations-alliance-of-civilizations-unaoc/25782,pending
25771,rsa-indigenous-knowledge-the-wisdom-of-deep-listening,Arts & Culture,https://olivenetwork.org/Issue/rsa-indigenous-knowledge-the-wisdom-of-deep-listening/25771,pending
25762,140-artists-ideas-for-planet-earth,Arts & Culture,https://olivenetwork.org/Issue/140-artists-ideas-for-planet-earth/25762,pending
25757,art-2030-interspecies-assembly,Arts & Culture,https://olivenetwork.org/Issue/art-2030-interspecies-assembly/25757,pending
25750,ideascity-new-museum,Arts & Culture,https://olivenetwork.org/Issue/ideascity-new-museum/25750,pending
25749,leaving-no-one-behind-indigenous-peoples-and-the-call-for-a-new-social-contract,Arts & Culture,https://olivenetwork.org/Issue/leaving-no-one-behind-indigenous-peoples-and-the-call-for-a-new-social-contract/25749,pending
25739,l-oiseau-bleu-two-urban-canvases-at-the-united-nations-office-at-geneva-to-embody-one-of-the-17-sustainable-development-goals,Arts & Culture,https://olivenetwork.org/Issue/l-oiseau-bleu-two-urban-canvases-at-the-united-nations-office-at-geneva-to-embody-one-of-the-17-sustainable-development-goals/25739,pending
25730,a-12-foot-puppet-of-a-syrian-girl-will-travel-5-000-miles-this-summer-as-part-of-a-wildly-ambitious-art-project-about-the-plight-of-refugees,Arts & Culture,https://olivenetwork.org/Issue/a-12-foot-puppet-of-a-syrian-girl-will-travel-5-000-miles-this-summer-as-part-of-a-wildly-ambitious-art-project-about-the-plight-of-refugees/25730,pending
25728,the-fight-for-quiet-in-a-world-full-of-noise-pollution,Arts & Culture,https://olivenetwork.org/Issue/the-fight-for-quiet-in-a-world-full-of-noise-pollution/25728,pending
25722,un-the-world-in-faces,Arts & Culture,https://olivenetwork.org/Issue/un-the-world-in-faces/25722,pending
25716,world-creativity-and-innovation-day-21-april-celebrating-the-creative-economy-in-2021,Arts & Culture,https://olivenetwork.org/Issue/world-creativity-and-innovation-day-21-april-celebrating-the-creative-economy-in-2021/25716,pending
25713,archana-soreng-indigenous-youth-are-the-bearers-of-their-culture,Arts & Culture,https://olivenetwork.org/Issue/archana-soreng-indigenous-youth-are-the-bearers-of-their-culture/25713,pending
25709,hiver-nomade-winter-nomads,Arts & Culture,https://olivenetwork.org/Issue/hiver-nomade-winter-nomads/25709,pending
25705,what-the-world-s-best-teacher-did-next,Arts & Culture,https://olivenetwork.org/Issue/what-the-world-s-best-teacher-did-next/25705,pending
25704,the-story-behind-our-film-the-girl-who-built-a-rocket,Arts & Culture,https://olivenetwork.org/Issue/the-story-behind-our-film-the-girl-who-built-a-rocket/25704,pending
25702,going-viral-the-right-way-what-it-s-like-running-the-world-s-best-museum-social-media-accounts-during-a-pandemic,Arts & Culture,https://olivenetwork.org/Issue/going-viral-the-right-way-what-it-s-like-running-the-world-s-best-museum-social-media-accounts-during-a-pandemic/25702,pending
25701,japan-s-cherry-blossom-viewing-parties-the-history-of-chasing-the-fleeting-beauty-of-sakura,Arts & Culture,https://olivenetwork.org/Issue/japan-s-cherry-blossom-viewing-parties-the-history-of-chasing-the-fleeting-beauty-of-sakura/25701,pending
25700,un-library-s-francesco-pisano-this-body-of-knowledge-is-the-silicon-valley-of-multilateralism,Arts & Culture,https://olivenetwork.org/Issue/un-library-s-francesco-pisano-this-body-of-knowledge-is-the-silicon-valley-of-multilateralism/25700,pending
25695,atlas-of-the-future-the-power-of-cultural-arts-meet-futurehero-jordi-costa,Arts & Culture,https://olivenetwork.org/Issue/atlas-of-the-future-the-power-of-cultural-arts-meet-futurehero-jordi-costa/25695,pending
25691,the-fastest-way-to-make-a-populist-into-a-humanist-is-to-listen,Arts & Culture,https://olivenetwork.org/Issue/the-fastest-way-to-make-a-populist-into-a-humanist-is-to-listen/25691,pending
25689,world-health-organization-joins-art-world-to-launch-global-campaign-confronting-mental-health-toll-of-pandemic,Arts & Culture,https://olivenetwork.org/Issue/world-health-organization-joins-art-world-to-launch-global-campaign-confronting-mental-health-toll-of-pandemic/25689,pending
25676,libraries-with-buckets-of-love-atlas-of-the-future,Arts & Culture,https://olivenetwork.org/Issue/libraries-with-buckets-of-love-atlas-of-the-future/25676,pending
25675,wise-women-6-ancient-female-philosophers-you-should-know-about,Arts & Culture,https://olivenetwork.org/Issue/wise-women-6-ancient-female-philosophers-you-should-know-about/25675,pending
25674,the-teenagers-in-crisis-at-europe-s-borders,Arts & Culture,https://olivenetwork.org/Issue/the-teenagers-in-crisis-at-europe-s-borders/25674,pending
25670,what-s-next-for-the-contract-for-the-web,Arts & Culture,https://olivenetwork.org/Issue/what-s-next-for-the-contract-for-the-web/25670,pending
25666,christians-muslims-and-jews-to-share-faith-centre-in-berlin,Arts & Culture,https://olivenetwork.org/Issue/christians-muslims-and-jews-to-share-faith-centre-in-berlin/25666,pending
25656,2021-united-nations-year-of-creative-economy-for-sustainable-development,Arts & Culture,https://olivenetwork.org/Issue/2021-united-nations-year-of-creative-economy-for-sustainable-development/25656,pending
25649,curious-kids-live-join-us-to-learn-about-rainforests,Arts & Culture,https://olivenetwork.org/Issue/curious-kids-live-join-us-to-learn-about-rainforests/25649,pending
25644,reading-the-waves-who-s-making-sense-of-narrative-change,Arts & Culture,https://olivenetwork.org/Issue/reading-the-waves-who-s-making-sense-of-narrative-change/25644,pending
25636,with-powerful-poem-amanda-gorman-sets-the-tone-for-biden-s-presidency,Arts & Culture,https://olivenetwork.org/Issue/with-powerful-poem-amanda-gorman-sets-the-tone-for-biden-s-presidency/25636,pending
25623,museums-around-the-world-step-up-to-be-transformed-into-vaccination-centres,Arts & Culture,https://olivenetwork.org/Issue/museums-around-the-world-step-up-to-be-transformed-into-vaccination-centres/25623,pending
25620,paris-school-of-international-affairs-youth-leaders-summit,Arts & Culture,https://olivenetwork.org/Issue/paris-school-of-international-affairs-youth-leaders-summit/25620,pending
25590,priya-burci-powercoders-is-really-about-empowering-refugees,Arts & Culture,https://olivenetwork.org/Issue/priya-burci-powercoders-is-really-about-empowering-refugees/25590,pending
25583,as-germany-extends-its-lockdown-shuttered-museums-are-offering-up-their-galleries-to-cramped-and-poorly-ventilated-schools,Arts & Culture,https://olivenetwork.org/Issue/as-germany-extends-its-lockdown-shuttered-museums-are-offering-up-their-galleries-to-cramped-and-poorly-ventilated-schools/25583,pending
25581,marcus-rashford-s-book-club-couldn-t-come-at-a-better-time-children-s-reading-is-at-a-15-year-low,Arts & Culture,https://olivenetwork.org/Issue/marcus-rashford-s-book-club-couldn-t-come-at-a-better-time-children-s-reading-is-at-a-15-year-low/25581,pending
25556,new-york-times-the-museum-is-the-refugee-s-home,Arts & Culture,https://olivenetwork.org/Issue/new-york-times-the-museum-is-the-refugee-s-home/25556,pending
25554,biblioth-ques-sans-fronti-res,Arts & Culture,https://olivenetwork.org/Issue/biblioth-ques-sans-fronti-res/25554,pending
25553,first-online-university-for-refugees-kiron-open-higher-education,Arts & Culture,https://olivenetwork.org/Issue/first-online-university-for-refugees-kiron-open-higher-education/25553,pending
25551,universities-enrich-communities-as-well-as-educating-students-new-research,Arts & Culture,https://olivenetwork.org/Issue/universities-enrich-communities-as-well-as-educating-students-new-research/25551,pending
25535,the-han-nefkens-foundation-and-fundaci-antoni-t-pies-aziz-hazara-the-restless-echo-of-tomorrow,Arts & Culture,https://olivenetwork.org/Issue/the-han-nefkens-foundation-and-fundaci-antoni-t-pies-aziz-hazara-the-restless-echo-of-tomorrow/25535,pending
25526,atlas-of-the-future-school-s-out-this-learning-community-is-in,Arts & Culture,https://olivenetwork.org/Issue/atlas-of-the-future-school-s-out-this-learning-community-is-in/25526,pending
25523,why-we-need-museums-now-more-than-ever,Arts & Culture,https://olivenetwork.org/Issue/why-we-need-museums-now-more-than-ever/25523,pending
25519,conservation-international-nature-is-speaking-penelope-cruz-is-water,Arts & Culture,https://olivenetwork.org/Issue/conservation-international-nature-is-speaking-penelope-cruz-is-water/25519,pending
25509,skate-for-democracy,Arts & Culture,https://olivenetwork.org/Issue/skate-for-democracy/25509,pending
25474,hauser-wirth-has-rallied-more-than-100-art-stars-to-donate-works-for-a-fundraiser-to-rescue-the-queens-museum-and-15-other-at-risk-new-york-nonprofits,Arts & Culture,https://olivenetwork.org/Issue/hauser-wirth-has-rallied-more-than-100-art-stars-to-donate-works-for-a-fundraiser-to-rescue-the-queens-museum-and-15-other-at-risk-new-york-nonprofits/25474,pending
25458,rachel-whiteread-and-13-other-art-stars-are-selling-work-made-from-the-scorched-fields-of-iraq-to-benefit-refugees,Arts & Culture,https://olivenetwork.org/Issue/rachel-whiteread-and-13-other-art-stars-are-selling-work-made-from-the-scorched-fields-of-iraq-to-benefit-refugees/25458,pending
25416,walid-raad-the-2019-turner-prize-winners-and-other-artists-are-mobilizing-to-raise-emergency-funds-for-beirut,Arts & Culture,https://olivenetwork.org/Issue/walid-raad-the-2019-turner-prize-winners-and-other-artists-are-mobilizing-to-raise-emergency-funds-for-beirut/25416,pending
25407,water-is-sacred-10-visual-artists-reflect-on-the-human-right-to-water,Arts & Culture,https://olivenetwork.org/Issue/water-is-sacred-10-visual-artists-reflect-on-the-human-right-to-water/25407,pending
25403,olive-network-online-exhibition,Arts & Culture,https://olivenetwork.org/Issue/olive-network-online-exhibition/25403,pending
25396,art-2030-quality-and-equality-in-education,Arts & Culture,https://olivenetwork.org/Issue/art-2030-quality-and-equality-in-education/25396,pending
25388,l-oeil-de-la-gen-ve-internationale-july-2020,Arts & Culture,https://olivenetwork.org/Issue/l-oeil-de-la-gen-ve-internationale-july-2020/25388,pending
25384,nations-skate-youth,Arts & Culture,https://olivenetwork.org/Issue/nations-skate-youth/25384,pending
25369,sphinx-president-responds-to-national-crisis,Arts & Culture,https://olivenetwork.org/Issue/sphinx-president-responds-to-national-crisis/25369,pending
25368,7-ways-to-trigger-world-peace,Arts & Culture,https://olivenetwork.org/Issue/7-ways-to-trigger-world-peace/25368,pending
25366,uk-arts-leading-figures-join-call-for-green-recovery-from-coronavirus-crisis,Arts & Culture,https://olivenetwork.org/Issue/uk-arts-leading-figures-join-call-for-green-recovery-from-coronavirus-crisis/25366,pending
25363,itu-news-here-s-how-itu-contributes-to-digital-cooperation-worldwide,Arts & Culture,https://olivenetwork.org/Issue/itu-news-here-s-how-itu-contributes-to-digital-cooperation-worldwide/25363,pending
25358,former-nazi-submarine-base-transformed-into-digital-art-gallery,Arts & Culture,https://olivenetwork.org/Issue/former-nazi-submarine-base-transformed-into-digital-art-gallery/25358,pending
25350,ruangrupa-the-collective-in-charge-of-the-next-documenta-reflect-on-what-it-means-to-curate-in-times-of-crisis,Arts & Culture,https://olivenetwork.org/Issue/ruangrupa-the-collective-in-charge-of-the-next-documenta-reflect-on-what-it-means-to-curate-in-times-of-crisis/25350,pending
25315,water-aid-veronique-a-portrait-of-inspiration,Arts & Culture,https://olivenetwork.org/Issue/water-aid-veronique-a-portrait-of-inspiration/25315,pending
25290,economic-growth-is-an-unnecessary-evil-jacinda-ardern-is-right-to-deprioritise-it,Arts & Culture,https://olivenetwork.org/Issue/economic-growth-is-an-unnecessary-evil-jacinda-ardern-is-right-to-deprioritise-it/25290,pending
25288,expose-fake-news-by-using-a-digital-kitemark-to-guarantee-quality-urges-itn,Arts & Culture,https://olivenetwork.org/Issue/expose-fake-news-by-using-a-digital-kitemark-to-guarantee-quality-urges-itn/25288,pending
25286,to-survive-the-challenges-ahead-cultural-institutions-will-need-to-redefine-the-value-of-art,Arts & Culture,https://olivenetwork.org/Issue/to-survive-the-challenges-ahead-cultural-institutions-will-need-to-redefine-the-value-of-art/25286,pending
25283,coronavirus-is-revitalising-the-concept-of-community-for-the-21st-century,Arts & Culture,https://olivenetwork.org/Issue/coronavirus-is-revitalising-the-concept-of-community-for-the-21st-century/25283,pending
25279,using-creativity-to-honorheroes-doing-extraordinary-things-during-covid-19,Arts & Culture,https://olivenetwork.org/Issue/using-creativity-to-honorheroes-doing-extraordinary-things-during-covid-19/25279,pending
25262,hauser-wirth-has-pledged-to-donate-10-percent-of-all-sales-from-its-online-shows-to-the-world-health-organization,Arts & Culture,https://olivenetwork.org/Issue/hauser-wirth-has-pledged-to-donate-10-percent-of-all-sales-from-its-online-shows-to-the-world-health-organization/25262,pending
25256,among-the-trees-a-virtual-tour-hayward-gallery,Arts & Culture,https://olivenetwork.org/Issue/among-the-trees-a-virtual-tour-hayward-gallery/25256,pending
25253,amid-our-fear-we-re-rediscovering-utopian-hopes-of-a-connected-world,Arts & Culture,https://olivenetwork.org/Issue/amid-our-fear-we-re-rediscovering-utopian-hopes-of-a-connected-world/25253,pending
25247,why-a-pilgrimage-was-good-practice-for-lockdown,Arts & Culture,https://olivenetwork.org/Issue/why-a-pilgrimage-was-good-practice-for-lockdown/25247,pending
25212,three-enchantingly-painted-houses-in-the-lost-city-of-pompeii-are-finally-open-to-the-public-after-a-40-year-restoration-project,Arts & Culture,https://olivenetwork.org/Issue/three-enchantingly-painted-houses-in-the-lost-city-of-pompeii-are-finally-open-to-the-public-after-a-40-year-restoration-project/25212,pending
25204,graciela-iturbide-at-tate-modern,Arts & Culture,https://olivenetwork.org/Issue/graciela-iturbide-at-tate-modern/25204,pending
25202,mexican-artist-pedro-reyes-molds-1-527-guns-into-shovels-used-to-plant-trees,Arts & Culture,https://olivenetwork.org/Issue/mexican-artist-pedro-reyes-molds-1-527-guns-into-shovels-used-to-plant-trees/25202,pending
25200,sonia-boyce-obe-ra-british-pavilion-artist-2021,Arts & Culture,https://olivenetwork.org/Issue/sonia-boyce-obe-ra-british-pavilion-artist-2021/25200,pending
25199,artangel-portugal-joins-red-lines,Arts & Culture,https://olivenetwork.org/Issue/artangel-portugal-joins-red-lines/25199,pending
25196,how-activists-made-the-art-world-wake-up-to-the-climate-crisis,Arts & Culture,https://olivenetwork.org/Issue/how-activists-made-the-art-world-wake-up-to-the-climate-crisis/25196,pending
25167,honeyland,Arts & Culture,https://olivenetwork.org/Issue/honeyland/25167,pending
25161,the-arts-and-climate-change-canada-council-for-the-arts,Arts & Culture,https://olivenetwork.org/Issue/the-arts-and-climate-change-canada-council-for-the-arts/25161,pending
25136,we-make-tomorrow-summit,Arts & Culture,https://olivenetwork.org/Issue/we-make-tomorrow-summit/25136,pending
25133,we-re-bonded-like-sisters-the-choir-giving-trafficked-women-a-voice,Arts & Culture,https://olivenetwork.org/Issue/we-re-bonded-like-sisters-the-choir-giving-trafficked-women-a-voice/25133,pending
25110,want-to-buy-art-and-support-human-rights-see-works-that-gerhard-richter-yoko-ono-and-other-artists-created-to-benefit-amnesty-international,Arts & Culture,https://olivenetwork.org/Issue/want-to-buy-art-and-support-human-rights-see-works-that-gerhard-richter-yoko-ono-and-other-artists-created-to-benefit-amnesty-international/25110,pending
25107,royal-academy-of-arts-eco-visionaries,Arts & Culture,https://olivenetwork.org/Issue/royal-academy-of-arts-eco-visionaries/25107,pending
25095,rembrandt-and-vel-zquez-lived-in-warring-nations-and-never-met-and-yet-they-painted-like-brothers,Arts & Culture,https://olivenetwork.org/Issue/rembrandt-and-vel-zquez-lived-in-warring-nations-and-never-met-and-yet-they-painted-like-brothers/25095,pending
25088,steve-mcqueen-hopes-year-3-work-will-inspire-art-s-next-generation,Arts & Culture,https://olivenetwork.org/Issue/steve-mcqueen-hopes-year-3-work-will-inspire-art-s-next-generation/25088,pending
25077,david-kordansky-gallery-is-launching-an-online-viewing-room-with-an-all-star-sale-that-benefits-climate-activism,Arts & Culture,https://olivenetwork.org/Issue/david-kordansky-gallery-is-launching-an-online-viewing-room-with-an-all-star-sale-that-benefits-climate-activism/25077,pending
25044,every-child-has-a-voice,Arts & Culture,https://olivenetwork.org/Issue/every-child-has-a-voice/25044,pending
25037,watch-the-trailer-for-paul-thomas-anderson-jonny-greenwood-doc-junun,Arts & Culture,https://olivenetwork.org/Issue/watch-the-trailer-for-paul-thomas-anderson-jonny-greenwood-doc-junun/25037,pending
25029,ibrahim-mahama-parliament-of-ghosts-at-the-whitworth-manchester,Arts & Culture,https://olivenetwork.org/Issue/ibrahim-mahama-parliament-of-ghosts-at-the-whitworth-manchester/25029,pending
25026,art-2030-breathe-with-me,Arts & Culture,https://olivenetwork.org/Issue/art-2030-breathe-with-me/25026,pending
24994,it-is-about-making-people-feel-think-and-act-the-role-of-the-photograph-in-charity-appeals,Arts & Culture,https://olivenetwork.org/Issue/it-is-about-making-people-feel-think-and-act-the-role-of-the-photograph-in-charity-appeals/24994,pending
24987,can-eco-tourism-save-the-art-world,Arts & Culture,https://olivenetwork.org/Issue/can-eco-tourism-save-the-art-world/24987,pending
24973,fine-art-is-good-medicine-how-hospitals-around-the-world-are-experimenting-with-the-healing-power-of-art,Arts & Culture,https://olivenetwork.org/Issue/fine-art-is-good-medicine-how-hospitals-around-the-world-are-experimenting-with-the-healing-power-of-art/24973,pending
24866,tomorrow-is-the-question,Arts & Culture,https://olivenetwork.org/Issue/tomorrow-is-the-question/24866,pending
24858,there-s-a-flood-of-climate-change-related-art-at-the-venice-biennale,Arts & Culture,https://olivenetwork.org/Issue/there-s-a-flood-of-climate-change-related-art-at-the-venice-biennale/24858,pending
24831,art-2030-connecting-art-and-the-un-global-goals,Arts & Culture,https://olivenetwork.org/Issue/art-2030-connecting-art-and-the-un-global-goals/24831,pending
24809,planet-art-amap,Arts & Culture,https://olivenetwork.org/Issue/planet-art-amap/24809,pending
24695,can-art-relax-you,Arts & Culture,https://olivenetwork.org/Issue/can-art-relax-you/24695,pending
24685,art-can-be-a-powerful-medicine-against-dementia,Arts & Culture,https://olivenetwork.org/Issue/art-can-be-a-powerful-medicine-against-dementia/24685,pending
24675,15-000-at-glastonbury-set-record-for-biggest-human-peace-sign,Arts & Culture,https://olivenetwork.org/Issue/15-000-at-glastonbury-set-record-for-biggest-human-peace-sign/24675,pending
24674,thread-benefit-exhibition-david-zwirner,Arts & Culture,https://olivenetwork.org/Issue/thread-benefit-exhibition-david-zwirner/24674,pending
24673,thread-artist-residency-cultural-center,Arts & Culture,https://olivenetwork.org/Issue/thread-artist-residency-cultural-center/24673,pending
24666,serota-sets-up-commission-to-explore-benefit-of-arts-for-children,Arts & Culture,https://olivenetwork.org/Issue/serota-sets-up-commission-to-explore-benefit-of-arts-for-children/24666,pending
24661,artist-john-akomfrah-wins-artes-mundi-prize-his-work-feels-particularly-urgent,Arts & Culture,https://olivenetwork.org/Issue/artist-john-akomfrah-wins-artes-mundi-prize-his-work-feels-particularly-urgent/24661,pending
24660,tedx-berlin-the-next-step-speakers-alice-phoebe-lou,Arts & Culture,https://olivenetwork.org/Issue/tedx-berlin-the-next-step-speakers-alice-phoebe-lou/24660,pending
24648,landfill-harmonic-the-mexican-music-school-on-the-edge-of-a-rubbish-dump,Arts & Culture,https://olivenetwork.org/Issue/landfill-harmonic-the-mexican-music-school-on-the-edge-of-a-rubbish-dump/24648,pending
24642,in-pursuit-of-silence,Arts & Culture,https://olivenetwork.org/Issue/in-pursuit-of-silence/24642,pending
24633,a-knowledge-transporter-in-afghanistan,Arts & Culture,https://olivenetwork.org/Issue/a-knowledge-transporter-in-afghanistan/24633,pending
24632,dancing-out-of-poverty-in-south-africa,Arts & Culture,https://olivenetwork.org/Issue/dancing-out-of-poverty-in-south-africa/24632,pending
24629,inside-artists-and-writers-in-reading-prison,Arts & Culture,https://olivenetwork.org/Issue/inside-artists-and-writers-in-reading-prison/24629,pending
24626,the-syrian-refugee-art-initiative,Arts & Culture,https://olivenetwork.org/Issue/the-syrian-refugee-art-initiative/24626,pending
24462,why-art-saves-lives,Arts & Culture,https://olivenetwork.org/Issue/why-art-saves-lives/24462,pending
24360,the-orchestra-of-syrian-musicians,Arts & Culture,https://olivenetwork.org/Issue/the-orchestra-of-syrian-musicians/24360,pending
24347,ubuntu-i-am-because-we-are,Arts & Culture,https://olivenetwork.org/Issue/ubuntu-i-am-because-we-are/24347,pending
26316,people-continue-to-stand-by-refugees-gen-z-shows-most-empathy,Charities,https://olivenetwork.org/Issue/people-continue-to-stand-by-refugees-gen-z-shows-most-empathy/26316,pending
26303,icrc-president-we-can-no-longer-pretend-that-what-we-are-witnessing-across-war-zones-is-in-accordance-with-the-law,Charities,https://olivenetwork.org/Issue/icrc-president-we-can-no-longer-pretend-that-what-we-are-witnessing-across-war-zones-is-in-accordance-with-the-law/26303,pending
26197,human-rights-watch-world-report-2025,Charities,https://olivenetwork.org/Issue/human-rights-watch-world-report-2025/26197,pending
26168,msf-s-christopher-lockyear-it-s-shocking-to-think-that-gaza-could-be-forgotten,Charities,https://olivenetwork.org/Issue/msf-s-christopher-lockyear-it-s-shocking-to-think-that-gaza-could-be-forgotten/26168,pending
26158,ifrc-water-a-key-element-for-stability-and-health,Charities,https://olivenetwork.org/Issue/ifrc-water-a-key-element-for-stability-and-health/26158,pending
26148,world-humanitarian-day,Charities,https://olivenetwork.org/Issue/world-humanitarian-day/26148,pending
26143,philanthropy-is-adopting-a-new-tool-for-impact-futures-thinking,Charities,https://olivenetwork.org/Issue/philanthropy-is-adopting-a-new-tool-for-impact-futures-thinking/26143,pending
26053,something-is-missing-speaking-for-the-red-cross-in-a-polarised-world,Charities,https://olivenetwork.org/Issue/something-is-missing-speaking-for-the-red-cross-in-a-polarised-world/26053,pending
26007,all-faiths-and-none-london-peace-march-aims-to-ease-gaza-tensions,Charities,https://olivenetwork.org/Issue/all-faiths-and-none-london-peace-march-aims-to-ease-gaza-tensions/26007,pending
26000,human-kind-a-new-look-at-humanitarian-photography-through-10-editions-of-the-prix-pictet,Charities,https://olivenetwork.org/Issue/human-kind-a-new-look-at-humanitarian-photography-through-10-editions-of-the-prix-pictet/26000,pending
25962,comfort-ero-president-ceo-crisis-group,Charities,https://olivenetwork.org/Issue/comfort-ero-president-ceo-crisis-group/25962,pending
25944,cross-border-philanthropy-reached-70-billion-in-2020-despite-pandemic-report,Charities,https://olivenetwork.org/Issue/cross-border-philanthropy-reached-70-billion-in-2020-despite-pandemic-report/25944,pending
25900,shalterbox-what-would-you-take,Charities,https://olivenetwork.org/Issue/shalterbox-what-would-you-take/25900,pending
25852,nazanin-zaghari-ratcliffe-talks-to-emma-barnett,Charities,https://olivenetwork.org/Issue/nazanin-zaghari-ratcliffe-talks-to-emma-barnett/25852,pending
25816,data-for-good-connecting-organizations-with-data-experts-to-solve-humanitarian-issues,Charities,https://olivenetwork.org/Issue/data-for-good-connecting-organizations-with-data-experts-to-solve-humanitarian-issues/25816,pending
25804,global-refugee-pact-have-countries-made-progress-or-are-they-dangerously-off-track,Charities,https://olivenetwork.org/Issue/global-refugee-pact-have-countries-made-progress-or-are-they-dangerously-off-track/25804,pending
25794,united-nations-world-children-s-day,Charities,https://olivenetwork.org/Issue/united-nations-world-children-s-day/25794,pending
25753,geneva-born-initiative-to-help-organisations-halve-their-carbon-footprint,Charities,https://olivenetwork.org/Issue/geneva-born-initiative-to-help-organisations-halve-their-carbon-footprint/25753,pending
25741,cryptocurrency-donations-set-to-fund-innovation-hub-in-rwanda-to-aid-children,Charities,https://olivenetwork.org/Issue/cryptocurrency-donations-set-to-fund-innovation-hub-in-rwanda-to-aid-children/25741,pending
25698,finland-grants-nearly-eur-70-million-in-humanitarian-assistance-to-strengthen-food-security-support-refugees-and-promote-the-rights-of-vulnerable-peop,Charities,https://olivenetwork.org/Issue/finland-grants-nearly-eur-70-million-in-humanitarian-assistance-to-strengthen-food-security-support-refugees-and-promote-the-rights-of-vulnerable-peop/25698,pending
25654,the-global-muslim-philanthropy-fund-for-children,Charities,https://olivenetwork.org/Issue/the-global-muslim-philanthropy-fund-for-children/25654,pending
25652,ambitious-roadmap-aims-to-eradicate-neglected-tropical-diseases-by-2030,Charities,https://olivenetwork.org/Issue/ambitious-roadmap-aims-to-eradicate-neglected-tropical-diseases-by-2030/25652,pending
25633,water-aid-to-be-a-girl-is-to-be-in-school,Charities,https://olivenetwork.org/Issue/water-aid-to-be-a-girl-is-to-be-in-school/25633,pending
25630,un-welcomes-biden-administration-commitment-to-refugee-protection,Charities,https://olivenetwork.org/Issue/un-welcomes-biden-administration-commitment-to-refugee-protection/25630,pending
25617,early-childhood-development-in-conflict-affected-countries-is-key-to-life-long-health-wellbeing-and-prosperity-says-who-and-partners,Charities,https://olivenetwork.org/Issue/early-childhood-development-in-conflict-affected-countries-is-key-to-life-long-health-wellbeing-and-prosperity-says-who-and-partners/25617,pending
25605,eu-allocates-additional-3-5-million-to-support-vulnerable-refugees-and-migrants-in-bosnia-and-herzegovina,Charities,https://olivenetwork.org/Issue/eu-allocates-additional-3-5-million-to-support-vulnerable-refugees-and-migrants-in-bosnia-and-herzegovina/25605,pending
25602,the-new-humanitarian-my-hope-for-2021-is,Charities,https://olivenetwork.org/Issue/the-new-humanitarian-my-hope-for-2021-is/25602,pending
25600,eu-extends-humanitarian-support-for-refugees-in-turkey,Charities,https://olivenetwork.org/Issue/eu-extends-humanitarian-support-for-refugees-in-turkey/25600,pending
25599,refugees-tents-in-lebanon-set-on-fire,Charities,https://olivenetwork.org/Issue/refugees-tents-in-lebanon-set-on-fire/25599,pending
25597,e-volunteer-opportunities-contribute-to-international-development-from-home,Charities,https://olivenetwork.org/Issue/e-volunteer-opportunities-contribute-to-international-development-from-home/25597,pending
25594,hundreds-of-people-protest-in-valencia-for-migrants-rights,Charities,https://olivenetwork.org/Issue/hundreds-of-people-protest-in-valencia-for-migrants-rights/25594,pending
25567,refugees-struggle-to-cope-with-the-crisis,Charities,https://olivenetwork.org/Issue/refugees-struggle-to-cope-with-the-crisis/25567,pending
25558,world-can-save-lives-and-end-this-pandemic-together-who-chief,Charities,https://olivenetwork.org/Issue/world-can-save-lives-and-end-this-pandemic-together-who-chief/25558,pending
25533,un-world-data-forum-doing-good-with-data,Charities,https://olivenetwork.org/Issue/un-world-data-forum-doing-good-with-data/25533,pending
25520,unesco-international-day-of-the-girl-child,Charities,https://olivenetwork.org/Issue/unesco-international-day-of-the-girl-child/25520,pending
25511,united-nations-world-habitat-day,Charities,https://olivenetwork.org/Issue/united-nations-world-habitat-day/25511,pending
25464,international-committee-of-the-red-cross-partnering-with-local-organizations-makes-us-stronger,Charities,https://olivenetwork.org/Issue/international-committee-of-the-red-cross-partnering-with-local-organizations-makes-us-stronger/25464,pending
25463,save-our-education-protect-every-child-s-right-to-learn-in-the-covid-19-response-and-recovery,Charities,https://olivenetwork.org/Issue/save-our-education-protect-every-child-s-right-to-learn-in-the-covid-19-response-and-recovery/25463,pending
25434,testimonies-from-refugee-support-devon-waala-s-story,Charities,https://olivenetwork.org/Issue/testimonies-from-refugee-support-devon-waala-s-story/25434,pending
25430,javed-khan-how-can-big-charities-uplift-the-voices-of-smaller-bame-led-organisations,Charities,https://olivenetwork.org/Issue/javed-khan-how-can-big-charities-uplift-the-voices-of-smaller-bame-led-organisations/25430,pending
25424,un-women-and-partners-provide-immediate-relief-to-women-and-girls-impacted-by-the-beirut-blasts,Charities,https://olivenetwork.org/Issue/un-women-and-partners-provide-immediate-relief-to-women-and-girls-impacted-by-the-beirut-blasts/25424,pending
25402,un-news-learning-from-the-pandemic,Charities,https://olivenetwork.org/Issue/un-news-learning-from-the-pandemic/25402,pending
25318,water-aid-decent-toilets-bright-futures-to-be-a-girl-in-nepal-and-pakistan,Charities,https://olivenetwork.org/Issue/water-aid-decent-toilets-bright-futures-to-be-a-girl-in-nepal-and-pakistan/25318,pending
25295,norway-increases-commitment-to-immunisation-for-the-most-vulnerable-pledges-usd-1-billion-to-gavi,Charities,https://olivenetwork.org/Issue/norway-increases-commitment-to-immunisation-for-the-most-vulnerable-pledges-usd-1-billion-to-gavi/25295,pending
25293,inspiring-rammed-earth-hospital-brings-affordable-care-to-rural-nepal,Charities,https://olivenetwork.org/Issue/inspiring-rammed-earth-hospital-brings-affordable-care-to-rural-nepal/25293,pending
25289,after-covid-19-it-s-in-everyone-s-interest-to-help-the-world-s-poorest-countries,Charities,https://olivenetwork.org/Issue/after-covid-19-it-s-in-everyone-s-interest-to-help-the-world-s-poorest-countries/25289,pending
25282,water-aid-soapmakers-of-samabogo,Charities,https://olivenetwork.org/Issue/water-aid-soapmakers-of-samabogo/25282,pending
25281,unhcr-offers-practical-recommendations-in-support-of-european-countries-to-ensure-access-to-asylum-and-safe-reception,Charities,https://olivenetwork.org/Issue/unhcr-offers-practical-recommendations-in-support-of-european-countries-to-ensure-access-to-asylum-and-safe-reception/25281,pending
25280,launch-of-new-covid19-humanitarian-platform,Charities,https://olivenetwork.org/Issue/launch-of-new-covid19-humanitarian-platform/25280,pending
25268,un-chief-calls-on-religious-leaders-to-unite-in-the-fight-against-covid-19,Charities,https://olivenetwork.org/Issue/un-chief-calls-on-religious-leaders-to-unite-in-the-fight-against-covid-19/25268,pending
25152,we-simply-can-t-turn-our-backs-on-vulnerable-refugee-children,Charities,https://olivenetwork.org/Issue/we-simply-can-t-turn-our-backs-on-vulnerable-refugee-children/25152,pending
25132,behind-the-lens-rescuing-refugees-in-the-mediterranean-medecins-sans-frontieres,Charities,https://olivenetwork.org/Issue/behind-the-lens-rescuing-refugees-in-the-mediterranean-medecins-sans-frontieres/25132,pending
25084,luminaid-s-bright-idea,Charities,https://olivenetwork.org/Issue/luminaid-s-bright-idea/25084,pending
25083,shelterbox-in-the-philippines,Charities,https://olivenetwork.org/Issue/shelterbox-in-the-philippines/25083,pending
25054,friendship-bench-opening-the-mind-to-finding-solutions,Charities,https://olivenetwork.org/Issue/friendship-bench-opening-the-mind-to-finding-solutions/25054,pending
25016,birdsong-returns-to-the-hills-of-bemolanga,Charities,https://olivenetwork.org/Issue/birdsong-returns-to-the-hills-of-bemolanga/25016,pending
24992,former-child-refugee-tracks-down-aid-worker-who-gave-her-a-bike,Charities,https://olivenetwork.org/Issue/former-child-refugee-tracks-down-aid-worker-who-gave-her-a-bike/24992,pending
24988,julie-s-bicycle-sustaining-creativity,Charities,https://olivenetwork.org/Issue/julie-s-bicycle-sustaining-creativity/24988,pending
24986,tents-toilets-transport-eco-friendly-festivals-tackle-the-unholy-trinity,Charities,https://olivenetwork.org/Issue/tents-toilets-transport-eco-friendly-festivals-tackle-the-unholy-trinity/24986,pending
24932,elephant-bike-buy-one-and-change-someone-s-life,Charities,https://olivenetwork.org/Issue/elephant-bike-buy-one-and-change-someone-s-life/24932,pending
24931,here-s-why-some-dutch-university-students-are-living-in-nursing-homes,Charities,https://olivenetwork.org/Issue/here-s-why-some-dutch-university-students-are-living-in-nursing-homes/24931,pending
24921,can-planting-billions-of-trees-save-the-planet,Charities,https://olivenetwork.org/Issue/can-planting-billions-of-trees-save-the-planet/24921,pending
24909,denmark-opens-world-s-first-food-waste-supermarket,Charities,https://olivenetwork.org/Issue/denmark-opens-world-s-first-food-waste-supermarket/24909,pending
24867,freedom-from-torture-art-gives-me-peace,Charities,https://olivenetwork.org/Issue/freedom-from-torture-art-gives-me-peace/24867,pending
24789,geek-philanthropy-the-gamers-raising-millions-through-marathon-live-streams,Charities,https://olivenetwork.org/Issue/geek-philanthropy-the-gamers-raising-millions-through-marathon-live-streams/24789,pending
24696,could-this-local-experiment-be-the-start-of-a-national-transformation,Charities,https://olivenetwork.org/Issue/could-this-local-experiment-be-the-start-of-a-national-transformation/24696,pending
24678,structural-fabric-weaves-tent-shelters-into-communities-abeer-seikaly,Charities,https://olivenetwork.org/Issue/structural-fabric-weaves-tent-shelters-into-communities-abeer-seikaly/24678,pending
24672,long-term-development-oxfam-international,Charities,https://olivenetwork.org/Issue/long-term-development-oxfam-international/24672,pending
24667,jake-chapman-on-refugee-rescue-in-greece,Charities,https://olivenetwork.org/Issue/jake-chapman-on-refugee-rescue-in-greece/24667,pending
24665,cool-earth,Charities,https://olivenetwork.org/Issue/cool-earth/24665,pending
24656,claudia-sings-sunshine-on-a-rainy-day-wateraid,Charities,https://olivenetwork.org/Issue/claudia-sings-sunshine-on-a-rainy-day-wateraid/24656,pending
24637,msf-mediterranean-a-very-normal-birth-in-dangerously-abnormal-conditions,Charities,https://olivenetwork.org/Issue/msf-mediterranean-a-very-normal-birth-in-dangerously-abnormal-conditions/24637,pending
24630,the-lampedusa-cross,Charities,https://olivenetwork.org/Issue/the-lampedusa-cross/24630,pending
24486,skateistan-skate-to-liberate,Charities,https://olivenetwork.org/Issue/skateistan-skate-to-liberate/24486,pending
26312,how-multilateral-cooperation-delivers-for-food-security-and-biodiversity,Dwelling,https://olivenetwork.org/Issue/how-multilateral-cooperation-delivers-for-food-security-and-biodiversity/26312,pending
26317,women-the-largest-and-most-reliable-constituency-for-peace,Dwelling,https://olivenetwork.org/Issue/women-the-largest-and-most-reliable-constituency-for-peace/26317,pending
26306,world-urban-forum-tackles-global-housing-crisis,Dwelling,https://olivenetwork.org/Issue/world-urban-forum-tackles-global-housing-crisis/26306,pending
26300,it-s-no-surprise-trump-has-met-his-match-in-pope-leo-jonathan-freedland,Dwelling,https://olivenetwork.org/Issue/it-s-no-surprise-trump-has-met-his-match-in-pope-leo-jonathan-freedland/26300,pending
26290,war-mining-and-disinformation-threaten-fundamental-right-to-healthy-environment,Dwelling,https://olivenetwork.org/Issue/war-mining-and-disinformation-threaten-fundamental-right-to-healthy-environment/26290,pending
26286,green-party-defeats-labour-in-u-k-special-election,Dwelling,https://olivenetwork.org/Issue/green-party-defeats-labour-in-u-k-special-election/26286,pending
26275,international-day-of-education,Dwelling,https://olivenetwork.org/Issue/international-day-of-education/26275,pending
26248,unga-80-side-event-explores-road-to-intergovernmental-process-beyond-gdp,Dwelling,https://olivenetwork.org/Issue/unga-80-side-event-explores-road-to-intergovernmental-process-beyond-gdp/26248,pending
26055,a-new-multilateral-treaty-takes-root-at-wipo-to-recognise-traditional-knowledge,Dwelling,https://olivenetwork.org/Issue/a-new-multilateral-treaty-takes-root-at-wipo-to-recognise-traditional-knowledge/26055,pending
26044,a-new-group-of-experts-wants-to-fix-our-broken-food-system,Dwelling,https://olivenetwork.org/Issue/a-new-group-of-experts-wants-to-fix-our-broken-food-system/26044,pending
26039,how-the-solar-eclipse-may-affect-the-brain-and-bring-people-together,Dwelling,https://olivenetwork.org/Issue/how-the-solar-eclipse-may-affect-the-brain-and-bring-people-together/26039,pending
25979,pedro-arrojo-agudo-water-should-be-a-blue-flag-for-peace-not-a-weapon-of-war,Dwelling,https://olivenetwork.org/Issue/pedro-arrojo-agudo-water-should-be-a-blue-flag-for-peace-not-a-weapon-of-war/25979,pending
25957,un-report-proposes-holistic-approach-to-water-use-water-conservation,Dwelling,https://olivenetwork.org/Issue/un-report-proposes-holistic-approach-to-water-use-water-conservation/25957,pending
25908,top-5-world-s-most-peaceful-countries-in-2022,Dwelling,https://olivenetwork.org/Issue/top-5-world-s-most-peaceful-countries-in-2022/25908,pending
25891,anthropy-live-a-launchpad-for-change,Dwelling,https://olivenetwork.org/Issue/anthropy-live-a-launchpad-for-change/25891,pending
25874,webb-space-telescope,Dwelling,https://olivenetwork.org/Issue/webb-space-telescope/25874,pending
25802,the-people-power-lottery-global-assembly,Dwelling,https://olivenetwork.org/Issue/the-people-power-lottery-global-assembly/25802,pending
25744,back-to-the-roots-arrels,Dwelling,https://olivenetwork.org/Issue/back-to-the-roots-arrels/25744,pending
25736,nature-within-cities-and-cities-within-nature,Dwelling,https://olivenetwork.org/Issue/nature-within-cities-and-cities-within-nature/25736,pending
25647,restoring-faith-in-democracy-with-citizen-committees,Dwelling,https://olivenetwork.org/Issue/restoring-faith-in-democracy-with-citizen-committees/25647,pending
25575,syrian-refugees-help-to-rebuild-beirut-when-nobody-else-is-prepared-to-do-so,Dwelling,https://olivenetwork.org/Issue/syrian-refugees-help-to-rebuild-beirut-when-nobody-else-is-prepared-to-do-so/25575,pending
25550,conservation-international-notes-from-the-field-sun-powered-water-covid-and-fishing-and-more,Dwelling,https://olivenetwork.org/Issue/conservation-international-notes-from-the-field-sun-powered-water-covid-and-fishing-and-more/25550,pending
25514,un-habitat-housing-for-all-campaign,Dwelling,https://olivenetwork.org/Issue/un-habitat-housing-for-all-campaign/25514,pending
25397,atlas-of-the-future-educate-to-regenerate-regeneration-academy,Dwelling,https://olivenetwork.org/Issue/atlas-of-the-future-educate-to-regenerate-regeneration-academy/25397,pending
25387,these-communities-are-experimenting-with-greener-and-fairer-ways-of-living,Dwelling,https://olivenetwork.org/Issue/these-communities-are-experimenting-with-greener-and-fairer-ways-of-living/25387,pending
25330,active-travel-at-the-heart-of-a-green-recovery,Dwelling,https://olivenetwork.org/Issue/active-travel-at-the-heart-of-a-green-recovery/25330,pending
25325,will-covid-19-show-us-how-to-design-better-cities,Dwelling,https://olivenetwork.org/Issue/will-covid-19-show-us-how-to-design-better-cities/25325,pending
25310,britons-want-quality-of-life-indicators-to-take-priority-over-economy,Dwelling,https://olivenetwork.org/Issue/britons-want-quality-of-life-indicators-to-take-priority-over-economy/25310,pending
25275,coronavirus-only-9-of-britons-want-life-to-return-to-normal-once-lockdown-is-over,Dwelling,https://olivenetwork.org/Issue/coronavirus-only-9-of-britons-want-life-to-return-to-normal-once-lockdown-is-over/25275,pending
25273,white-arkitekter-regen-villages-create-first-circular-self-sufficient-communities-for-sweden,Dwelling,https://olivenetwork.org/Issue/white-arkitekter-regen-villages-create-first-circular-self-sufficient-communities-for-sweden/25273,pending
25229,mother-pavilion-studio-morison,Dwelling,https://olivenetwork.org/Issue/mother-pavilion-studio-morison/25229,pending
25201,experimental-mexican-community-contains-social-housing-by-tatiana-bilbao-and-frida-escobedo,Dwelling,https://olivenetwork.org/Issue/experimental-mexican-community-contains-social-housing-by-tatiana-bilbao-and-frida-escobedo/25201,pending
25157,the-case-for-never-demolishing-another-building,Dwelling,https://olivenetwork.org/Issue/the-case-for-never-demolishing-another-building/25157,pending
25156,a-bamboo-tower-that-produces-up-to-25-gallons-of-water-in-a-day-by-capturing-condensation,Dwelling,https://olivenetwork.org/Issue/a-bamboo-tower-that-produces-up-to-25-gallons-of-water-in-a-day-by-capturing-condensation/25156,pending
25097,the-future-architecture-platform,Dwelling,https://olivenetwork.org/Issue/the-future-architecture-platform/25097,pending
25073,innocence-lost-what-did-you-do-before-the-internet,Dwelling,https://olivenetwork.org/Issue/innocence-lost-what-did-you-do-before-the-internet/25073,pending
25072,riba-stirling-prize-norwich-council-estate-wins-architecture-award,Dwelling,https://olivenetwork.org/Issue/riba-stirling-prize-norwich-council-estate-wins-architecture-award/25072,pending
25046,small-and-sustainable-tiny-houses-could-be-solution-to-world-s-housing-problems,Dwelling,https://olivenetwork.org/Issue/small-and-sustainable-tiny-houses-could-be-solution-to-world-s-housing-problems/25046,pending
25034,biocities-beyond-the-digitial,Dwelling,https://olivenetwork.org/Issue/biocities-beyond-the-digitial/25034,pending
25013,britain-s-first-car-free-school-planned-for-leeds,Dwelling,https://olivenetwork.org/Issue/britain-s-first-car-free-school-planned-for-leeds/25013,pending
24838,smart-housing-prototype-shows-promise-in-rapidly-urbanizing-africa,Dwelling,https://olivenetwork.org/Issue/smart-housing-prototype-shows-promise-in-rapidly-urbanizing-africa/24838,pending
24671,emergency-architects-human-rights,Dwelling,https://olivenetwork.org/Issue/emergency-architects-human-rights/24671,pending
24647,sustainable-architecture-the-living-bridges-of-meghalaya,Dwelling,https://olivenetwork.org/Issue/sustainable-architecture-the-living-bridges-of-meghalaya/24647,pending
24480,sweden-opens-world-s-first-mall-for-repaired-and-recycled-goods,Dwelling,https://olivenetwork.org/Issue/sweden-opens-world-s-first-mall-for-repaired-and-recycled-goods/24480,pending
26314,taking-stock-how-has-the-un-report-informed-the-beyond-gdp-debate,Economics,https://olivenetwork.org/Issue/taking-stock-how-has-the-un-report-informed-the-beyond-gdp-debate/26314,pending
26310,i-am-tired-of-watching-powerful-men-destroy-the-rules-based-international-order,Economics,https://olivenetwork.org/Issue/i-am-tired-of-watching-powerful-men-destroy-the-rules-based-international-order/26310,pending
26294,global-progressive-mobilisation,Economics,https://olivenetwork.org/Issue/global-progressive-mobilisation/26294,pending
26229,reorganizing-production-to-serve-life-not-profit,Economics,https://olivenetwork.org/Issue/reorganizing-production-to-serve-life-not-profit/26229,pending
26215,beyond-gdp-measuring-wealth-to-address-global-and-in-country-challenges,Economics,https://olivenetwork.org/Issue/beyond-gdp-measuring-wealth-to-address-global-and-in-country-challenges/26215,pending
26035,inter-parliamentary-union-martin-chungong-keeping-faith-with-democracy,Economics,https://olivenetwork.org/Issue/inter-parliamentary-union-martin-chungong-keeping-faith-with-democracy/26035,pending
25963,undp-launches-innovative-e-learning-programme-on-sustainable-finance,Economics,https://olivenetwork.org/Issue/undp-launches-innovative-e-learning-programme-on-sustainable-finance/25963,pending
25946,beyond-growth-2023-conference,Economics,https://olivenetwork.org/Issue/beyond-growth-2023-conference/25946,pending
25945,beyond-growth-2023-jksteinberger,Economics,https://olivenetwork.org/Issue/beyond-growth-2023-jksteinberger/25945,pending
25914,global-forum-for-food-and-agriculture-2023,Economics,https://olivenetwork.org/Issue/global-forum-for-food-and-agriculture-2023/25914,pending
25873,beyond-gdp-changing-how-we-measure-progress-is-key-to-tackling-a-world-in-crisis,Economics,https://olivenetwork.org/Issue/beyond-gdp-changing-how-we-measure-progress-is-key-to-tackling-a-world-in-crisis/25873,pending
25864,unicef-around-3-in-4-youth-lack-skills-needed-for-employment-new-report-says,Economics,https://olivenetwork.org/Issue/unicef-around-3-in-4-youth-lack-skills-needed-for-employment-new-report-says/25864,pending
25859,regenesis-george-monbiot,Economics,https://olivenetwork.org/Issue/regenesis-george-monbiot/25859,pending
25851,millionaires-at-davos-say-tax-us-more,Economics,https://olivenetwork.org/Issue/millionaires-at-davos-say-tax-us-more/25851,pending
25819,the-transparency-international-ti-index,Economics,https://olivenetwork.org/Issue/the-transparency-international-ti-index/25819,pending
25817,millionaires-group-calls-for-wealth-tax-at-virtual-davos,Economics,https://olivenetwork.org/Issue/millionaires-group-calls-for-wealth-tax-at-virtual-davos/25817,pending
25708,positive-tech-solutions-will-forge-the-recovery-global-technology-governance-summit-concludes,Economics,https://olivenetwork.org/Issue/positive-tech-solutions-will-forge-the-recovery-global-technology-governance-summit-concludes/25708,pending
25699,g-7-coordination-seen-as-missing-piece-for-sustainable-finance,Economics,https://olivenetwork.org/Issue/g-7-coordination-seen-as-missing-piece-for-sustainable-finance/25699,pending
25657,new-programme-to-accelerate-business-action-on-the-sustainable-development-goals-starts-with-600-companies-in-65-countries,Economics,https://olivenetwork.org/Issue/new-programme-to-accelerate-business-action-on-the-sustainable-development-goals-starts-with-600-companies-in-65-countries/25657,pending
25642,oxfam-the-10-richest-men-saw-their-net-worth-increase-by-540-billion-during-the-pandemic,Economics,https://olivenetwork.org/Issue/oxfam-the-10-richest-men-saw-their-net-worth-increase-by-540-billion-during-the-pandemic/25642,pending
25635,2021-international-year-for-the-elimination-of-child-labour,Economics,https://olivenetwork.org/Issue/2021-international-year-for-the-elimination-of-child-labour/25635,pending
25614,big-tech-s-attention-economy-can-be-reformed-here-s-how,Economics,https://olivenetwork.org/Issue/big-tech-s-attention-economy-can-be-reformed-here-s-how/25614,pending
25545,equality-sustainability-should-guide-covid-19-recovery-say-governments-at-regional-forum,Economics,https://olivenetwork.org/Issue/equality-sustainability-should-guide-covid-19-recovery-say-governments-at-regional-forum/25545,pending
25525,trust-valley-excellence-and-innovation-for-digital-trust-and-cybersecurity,Economics,https://olivenetwork.org/Issue/trust-valley-excellence-and-innovation-for-digital-trust-and-cybersecurity/25525,pending
25440,covid-19-un-chief-outlines-path-to-sustainable-inclusive-recovery-in-southeast-asia,Economics,https://olivenetwork.org/Issue/covid-19-un-chief-outlines-path-to-sustainable-inclusive-recovery-in-southeast-asia/25440,pending
25382,from-dusted-off-bikes-to-electric-dreams-uk-green-economy-booms-on-back-of-covid-19,Economics,https://olivenetwork.org/Issue/from-dusted-off-bikes-to-electric-dreams-uk-green-economy-booms-on-back-of-covid-19/25382,pending
25381,the-un-is-mobilising-for-the-next-quarter-century,Economics,https://olivenetwork.org/Issue/the-un-is-mobilising-for-the-next-quarter-century/25381,pending
25380,helping-youth-enterprise-take-off-will-bring-sustainable-returns-say-un-economists,Economics,https://olivenetwork.org/Issue/helping-youth-enterprise-take-off-will-bring-sustainable-returns-say-un-economists/25380,pending
25359,un-geneva-covid-19-and-inequalities-we-must-rededicate-to-the-2030-agenda,Economics,https://olivenetwork.org/Issue/un-geneva-covid-19-and-inequalities-we-must-rededicate-to-the-2030-agenda/25359,pending
25291,how-a-one-off-tax-on-wealth-could-cover-the-economic-cost-of-the-coronavirus-crisis,Economics,https://olivenetwork.org/Issue/how-a-one-off-tax-on-wealth-could-cover-the-economic-cost-of-the-coronavirus-crisis/25291,pending
25274,by-invitation-mark-carney-on-how-the-economy-must-yield-to-human-values,Economics,https://olivenetwork.org/Issue/by-invitation-mark-carney-on-how-the-economy-must-yield-to-human-values/25274,pending
25249,a-sustainable-global-economy-must-arise-once-covid-19-pandemic-is-reversed-un-chief-tells-g-20-summit,Economics,https://olivenetwork.org/Issue/a-sustainable-global-economy-must-arise-once-covid-19-pandemic-is-reversed-un-chief-tells-g-20-summit/25249,pending
25242,mark-carney-on-bloomberg,Economics,https://olivenetwork.org/Issue/mark-carney-on-bloomberg/25242,pending
25195,world-urban-forum-cities-must-be-at-the-heart-of-sustainable-development,Economics,https://olivenetwork.org/Issue/world-urban-forum-cities-must-be-at-the-heart-of-sustainable-development/25195,pending
25137,firms-must-justify-investment-in-fossil-fuels-warns-mark-carney,Economics,https://olivenetwork.org/Issue/firms-must-justify-investment-in-fossil-fuels-warns-mark-carney/25137,pending
24990,how-the-world-s-dirtiest-industries-have-learned-to-pollute-our-politics,Economics,https://olivenetwork.org/Issue/how-the-world-s-dirtiest-industries-have-learned-to-pollute-our-politics/24990,pending
24836,mark-carney-tells-global-banks-they-cannot-ignore-climate-change-dangers,Economics,https://olivenetwork.org/Issue/mark-carney-tells-global-banks-they-cannot-ignore-climate-change-dangers/24836,pending
26315,global-push-for-ai-governance-amid-warnings-of-catastrophic-harm,Education,https://olivenetwork.org/Issue/global-push-for-ai-governance-amid-warnings-of-catastrophic-harm/26315,pending
26292,francesca-albanese-we-have-a-plan,Education,https://olivenetwork.org/Issue/francesca-albanese-we-have-a-plan/26292,pending
26225,freedom-flotilla-coalition-israel-abducts-madleen,Education,https://olivenetwork.org/Issue/freedom-flotilla-coalition-israel-abducts-madleen/26225,pending
26221,uk-must-impose-sanctions-on-israel-to-meet-legal-obligations-say-more-than-800-lawyers,Education,https://olivenetwork.org/Issue/uk-must-impose-sanctions-on-israel-to-meet-legal-obligations-say-more-than-800-lawyers/26221,pending
26183,united-nations-world-soil-day,Education,https://olivenetwork.org/Issue/united-nations-world-soil-day/26183,pending
26113,un-launches-global-principles-for-information-integrity,Education,https://olivenetwork.org/Issue/un-launches-global-principles-for-information-integrity/26113,pending
26112,how-the-un-is-connecting-the-world-s-classrooms,Education,https://olivenetwork.org/Issue/how-the-un-is-connecting-the-world-s-classrooms/26112,pending
26048,international-day-of-multilateralism-and-diplomacy-for-peace,Education,https://olivenetwork.org/Issue/international-day-of-multilateralism-and-diplomacy-for-peace/26048,pending
25953,un-chief-unveils-new-vision-for-peace-across-a-multipolar-world,Education,https://olivenetwork.org/Issue/un-chief-unveils-new-vision-for-peace-across-a-multipolar-world/25953,pending
25902,peaceful-coexistence-is-not-utopia-but-reality-says-un-official-fostering-intercultural-dialogue,Education,https://olivenetwork.org/Issue/peaceful-coexistence-is-not-utopia-but-reality-says-un-official-fostering-intercultural-dialogue/25902,pending
25879,financing-education-imperative-for-peaceful-prosperous-stable-societies-un-chief,Education,https://olivenetwork.org/Issue/financing-education-imperative-for-peaceful-prosperous-stable-societies-un-chief/25879,pending
25878,center-for-countering-digital-hate-about,Education,https://olivenetwork.org/Issue/center-for-countering-digital-hate-about/25878,pending
25875,transforming-education-summit,Education,https://olivenetwork.org/Issue/transforming-education-summit/25875,pending
25870,one-young-world-2022-summit,Education,https://olivenetwork.org/Issue/one-young-world-2022-summit/25870,pending
25844,united-nations-international-migration-review-forum-2022-new-york,Education,https://olivenetwork.org/Issue/united-nations-international-migration-review-forum-2022-new-york/25844,pending
25829,un-embarks-on-preparations-for-education-summit,Education,https://olivenetwork.org/Issue/un-embarks-on-preparations-for-education-summit/25829,pending
25803,united-nations-human-rights-day-10-december,Education,https://olivenetwork.org/Issue/united-nations-human-rights-day-10-december/25803,pending
25795,don-t-call-young-people-woke-says-leading-head-teacher,Education,https://olivenetwork.org/Issue/don-t-call-young-people-woke-says-leading-head-teacher/25795,pending
25766,unesco-futures-of-education,Education,https://olivenetwork.org/Issue/unesco-futures-of-education/25766,pending
25690,to-build-a-better-world-from-the-covid-crisis-we-need-a-global-push-to-connect-the-world-s-young-people,Education,https://olivenetwork.org/Issue/to-build-a-better-world-from-the-covid-crisis-we-need-a-global-push-to-connect-the-world-s-young-people/25690,pending
25665,un-news-first-person-the-colombian-youth-fighting-for-digital-education-for-all,Education,https://olivenetwork.org/Issue/un-news-first-person-the-colombian-youth-fighting-for-digital-education-for-all/25665,pending
25538,in-new-strategy-wellcome-trust-will-take-on-global-health-challenges,Education,https://olivenetwork.org/Issue/in-new-strategy-wellcome-trust-will-take-on-global-health-challenges/25538,pending
25518,the-imperative-of-a-new-multilateralism-enhanced-by-science,Education,https://olivenetwork.org/Issue/the-imperative-of-a-new-multilateralism-enhanced-by-science/25518,pending
25502,education-cannot-wait,Education,https://olivenetwork.org/Issue/education-cannot-wait/25502,pending
25234,no-school-no-skating-the-indian-skate-park-bringing-children-together,Education,https://olivenetwork.org/Issue/no-school-no-skating-the-indian-skate-park-bringing-children-together/25234,pending
25118,gdp-is-not-a-good-measure-of-wellbeing-it-s-too-materialistic,Education,https://olivenetwork.org/Issue/gdp-is-not-a-good-measure-of-wellbeing-it-s-too-materialistic/25118,pending
25022,winners-announced-for-a-school-made-from-recycled-plastic-in-mexico,Education,https://olivenetwork.org/Issue/winners-announced-for-a-school-made-from-recycled-plastic-in-mexico/25022,pending
25015,term-is-starting-and-english-schools-must-tackle-their-arts-emergency,Education,https://olivenetwork.org/Issue/term-is-starting-and-english-schools-must-tackle-their-arts-emergency/25015,pending
24977,easing-classroom-crisis-in-c-te-d-ivoire-brick-by-plastic-brick,Education,https://olivenetwork.org/Issue/easing-classroom-crisis-in-c-te-d-ivoire-brick-by-plastic-brick/24977,pending
24956,world-s-largest-lesson-project-everyone,Education,https://olivenetwork.org/Issue/world-s-largest-lesson-project-everyone/24956,pending
24927,the-global-partnership-for-education,Education,https://olivenetwork.org/Issue/the-global-partnership-for-education/24927,pending
24812,united-nations-education-critical-to-ensure-future-of-forests-and-reverse-their-destruction,Education,https://olivenetwork.org/Issue/united-nations-education-critical-to-ensure-future-of-forests-and-reverse-their-destruction/24812,pending
24797,school-strike-4-climate-action-nz,Education,https://olivenetwork.org/Issue/school-strike-4-climate-action-nz/24797,pending
24643,this-remote-pakistani-village-is-nothing-like-you-d-expect,Education,https://olivenetwork.org/Issue/this-remote-pakistani-village-is-nothing-like-you-d-expect/24643,pending
24641,educaid-learning-for-life-in-sierra-leone,Education,https://olivenetwork.org/Issue/educaid-learning-for-life-in-sierra-leone/24641,pending
24631,muslim-aid-education,Education,https://olivenetwork.org/Issue/muslim-aid-education/24631,pending
24469,shelterbox-donates-a-classroom-to-syrian-children-learning-in-a-cave,Education,https://olivenetwork.org/Issue/shelterbox-donates-a-classroom-to-syrian-children-learning-in-a-cave/24469,pending
26045,transform-landmark-indigenous-rights-declaration-into-reality-un-general-assembly-president,Environment,https://olivenetwork.org/Issue/transform-landmark-indigenous-rights-declaration-into-reality-un-general-assembly-president/26045,pending
25822,why-international-geneva-s-human-dimension-bodes-well-for-environmental-peacebuilding,Environment,https://olivenetwork.org/Issue/why-international-geneva-s-human-dimension-bodes-well-for-environmental-peacebuilding/25822,pending
25738,restoring-oceans-could-create-100-000-jobs-and-give-50bn-boost-to-economy-in-uk,Environment,https://olivenetwork.org/Issue/restoring-oceans-could-create-100-000-jobs-and-give-50bn-boost-to-economy-in-uk/25738,pending
25726,innovative-platform-makes-forest-data-available-in-all-6-un-languages,Environment,https://olivenetwork.org/Issue/innovative-platform-makes-forest-data-available-in-all-6-un-languages/25726,pending
25693,world-water-day,Environment,https://olivenetwork.org/Issue/world-water-day/25693,pending
25648,how-a-pre-incan-civilisation-thrived-in-the-atacama-desert-thanks-to-seabird-poo-fertiliser,Environment,https://olivenetwork.org/Issue/how-a-pre-incan-civilisation-thrived-in-the-atacama-desert-thanks-to-seabird-poo-fertiliser/25648,pending
25646,the-biggest-agroecology-project-in-the-world-in-india-andhra-pradesh-is-banking-on-zero-budget-natural-agriculture,Environment,https://olivenetwork.org/Issue/the-biggest-agroecology-project-in-the-world-in-india-andhra-pradesh-is-banking-on-zero-budget-natural-agriculture/25646,pending
25608,how-a-start-up-in-india-is-pioneering-a-way-to-tackle-the-global-e-waste-problem,Environment,https://olivenetwork.org/Issue/how-a-start-up-in-india-is-pioneering-a-way-to-tackle-the-global-e-waste-problem/25608,pending
25555,using-collective-intelligence-to-solve-public-problems,Environment,https://olivenetwork.org/Issue/using-collective-intelligence-to-solve-public-problems/25555,pending
25465,united-nations-international-day-of-clean-air-for-blue-skies-7-september,Environment,https://olivenetwork.org/Issue/united-nations-international-day-of-clean-air-for-blue-skies-7-september/25465,pending
25236,moriyama-teshima-design-new-honey-bee-research-center-in-canada,Environment,https://olivenetwork.org/Issue/moriyama-teshima-design-new-honey-bee-research-center-in-canada/25236,pending
25232,peruvian-sisters-build-lagoons-in-the-andes,Environment,https://olivenetwork.org/Issue/peruvian-sisters-build-lagoons-in-the-andes/25232,pending
25153,connected-by-a-thread-arts-territory-exchange-residency-in-sustainable-practice,Environment,https://olivenetwork.org/Issue/connected-by-a-thread-arts-territory-exchange-residency-in-sustainable-practice/25153,pending
25143,this-can-be-the-year-when-we-recharge-nature-and-ourselves,Environment,https://olivenetwork.org/Issue/this-can-be-the-year-when-we-recharge-nature-and-ourselves/25143,pending
25129,a-new-online-hub-lets-cities-step-up-their-climate-action,Environment,https://olivenetwork.org/Issue/a-new-online-hub-lets-cities-step-up-their-climate-action/25129,pending
25125,mission-2020-together-for-the-ocean,Environment,https://olivenetwork.org/Issue/mission-2020-together-for-the-ocean/25125,pending
25114,the-world-s-largest-urban-farm-is-coming-to-a-paris-rooftop,Environment,https://olivenetwork.org/Issue/the-world-s-largest-urban-farm-is-coming-to-a-paris-rooftop/25114,pending
25096,unep-restoring-and-rehabilitating-land-a-big-step-towards-achieving-the-sustainable-development-goals,Environment,https://olivenetwork.org/Issue/unep-restoring-and-rehabilitating-land-a-big-step-towards-achieving-the-sustainable-development-goals/25096,pending
25002,socially-organized-housing-biophilia-connectivity-and-spirituality,Environment,https://olivenetwork.org/Issue/socially-organized-housing-biophilia-connectivity-and-spirituality/25002,pending
24937,tree-planting-has-mind-blowing-potential-to-tackle-climate-crisis,Environment,https://olivenetwork.org/Issue/tree-planting-has-mind-blowing-potential-to-tackle-climate-crisis/24937,pending
24928,could-a-1-billion-carbon-neutral-town-filled-with-greenhouses-be-coming-to-hungary,Environment,https://olivenetwork.org/Issue/could-a-1-billion-carbon-neutral-town-filled-with-greenhouses-be-coming-to-hungary/24928,pending
24926,the-ocean-cleanup-redeployed-to-tackle-great-pacific-garbage-patch,Environment,https://olivenetwork.org/Issue/the-ocean-cleanup-redeployed-to-tackle-great-pacific-garbage-patch/24926,pending
24835,i-m-terrified-extinction-rebellion-activists-on-why-they-are-protesting,Environment,https://olivenetwork.org/Issue/i-m-terrified-extinction-rebellion-activists-on-why-they-are-protesting/24835,pending
24682,growing-a-world-wonder-great-green-wall,Environment,https://olivenetwork.org/Issue/growing-a-world-wonder-great-green-wall/24682,pending
24657,portugal-runs-for-four-days-straight-on-renewable-energy-alone,Environment,https://olivenetwork.org/Issue/portugal-runs-for-four-days-straight-on-renewable-energy-alone/24657,pending
24649,the-repair-caf-foundation,Environment,https://olivenetwork.org/Issue/the-repair-caf-foundation/24649,pending
24625,masai-women-are-leading-a-solar-revolution-with-help-from-their-donkeys,Environment,https://olivenetwork.org/Issue/masai-women-are-leading-a-solar-revolution-with-help-from-their-donkeys/24625,pending
24591,us-look-to-syria-for-ancient-wisdom-in-nature,Environment,https://olivenetwork.org/Issue/us-look-to-syria-for-ancient-wisdom-in-nature/24591,pending
24587,surfers-against-sewage,Environment,https://olivenetwork.org/Issue/surfers-against-sewage/24587,pending
26211,nations-clinch-pandemic-treaty-in-sign-that-multilateralism-is-alive-and-well,Health,https://olivenetwork.org/Issue/nations-clinch-pandemic-treaty-in-sign-that-multilateralism-is-alive-and-well/26211,pending
25919,who-proposes-high-level-global-council-to-guide-future-health-emergencies,Health,https://olivenetwork.org/Issue/who-proposes-high-level-global-council-to-guide-future-health-emergencies/25919,pending
25868,un-coordinates-policy-responses-to-global-food-crisis,Health,https://olivenetwork.org/Issue/un-coordinates-policy-responses-to-global-food-crisis/25868,pending
25840,pledge-to-pause,Health,https://olivenetwork.org/Issue/pledge-to-pause/25840,pending
25823,united-nations-to-shape-a-strong-recovery-and-scale-up-efforts-for-the-global-goals,Health,https://olivenetwork.org/Issue/united-nations-to-shape-a-strong-recovery-and-scale-up-efforts-for-the-global-goals/25823,pending
25796,world-must-agree-pandemic-treaty-and-strengthen-who-experts-warn,Health,https://olivenetwork.org/Issue/world-must-agree-pandemic-treaty-and-strengthen-who-experts-warn/25796,pending
25737,who-ai-driven-health-revolution-must-leave-no-one-behind,Health,https://olivenetwork.org/Issue/who-ai-driven-health-revolution-must-leave-no-one-behind/25737,pending
25733,standing-for-the-health-of-palestine-refugees-health-care-is-a-human-right-not-a-privilege,Health,https://olivenetwork.org/Issue/standing-for-the-health-of-palestine-refugees-health-care-is-a-human-right-not-a-privilege/25733,pending
25731,islamic-social-financing-to-support-efforts-to-recover-and-rebuild-from-covid-19-pandemic,Health,https://olivenetwork.org/Issue/islamic-social-financing-to-support-efforts-to-recover-and-rebuild-from-covid-19-pandemic/25731,pending
25717,bill-gates-is-ready-to-spend-more-on-global-health-governments-should-do-the-same-says-foundation-official,Health,https://olivenetwork.org/Issue/bill-gates-is-ready-to-spend-more-on-global-health-governments-should-do-the-same-says-foundation-official/25717,pending
25692,women-must-be-front-and-center-of-pandemic-recovery-un-chief-says,Health,https://olivenetwork.org/Issue/women-must-be-front-and-center-of-pandemic-recovery-un-chief-says/25692,pending
25624,eu-eyes-scheme-to-share-surplus-covid-19-vaccines-with-poorer-nations,Health,https://olivenetwork.org/Issue/eu-eyes-scheme-to-share-surplus-covid-19-vaccines-with-poorer-nations/25624,pending
25473,the-next-generation-of-tech-leaders-offer-to-bring-the-future-to-the-table,Health,https://olivenetwork.org/Issue/the-next-generation-of-tech-leaders-offer-to-bring-the-future-to-the-table/25473,pending
25469,a-happier-marriage-between-science-and-policy-some-advice-from-swiss-public-health-experts,Health,https://olivenetwork.org/Issue/a-happier-marriage-between-science-and-policy-some-advice-from-swiss-public-health-experts/25469,pending
25436,germany-france-propose-reforms-to-give-the-who-more-power-funding-oversight,Health,https://olivenetwork.org/Issue/germany-france-propose-reforms-to-give-the-who-more-power-funding-oversight/25436,pending
25145,investing-in-health-workers-yields-triple-dividend-who-chief-says-in-new-year-s-message,Health,https://olivenetwork.org/Issue/investing-in-health-workers-yields-triple-dividend-who-chief-says-in-new-year-s-message/25145,pending
24465,david-nott-on-desert-island-discs,Health,https://olivenetwork.org/Issue/david-nott-on-desert-island-discs/24465,pending
26245,global-sumud-flotilla-a-letter,Humanitarian,https://olivenetwork.org/Issue/global-sumud-flotilla-a-letter/26245,pending
26240,mary-robinson-keynote-address-at-the-un,Humanitarian,https://olivenetwork.org/Issue/mary-robinson-keynote-address-at-the-un/26240,pending
26236,un-s-albanese-hails-30-nation-meeting-aimed-at-ending-israeli-occupation-of-palestine,Humanitarian,https://olivenetwork.org/Issue/un-s-albanese-hails-30-nation-meeting-aimed-at-ending-israeli-occupation-of-palestine/26236,pending
26234,palestinian-un-envoy-breaks-down-while-recounting-killed-children-in-gaza,Humanitarian,https://olivenetwork.org/Issue/palestinian-un-envoy-breaks-down-while-recounting-killed-children-in-gaza/26234,pending
26230,reset-reform-or-repeat-humanitarianism-s-reboot-searches-for-the-right-script,Humanitarian,https://olivenetwork.org/Issue/reset-reform-or-repeat-humanitarianism-s-reboot-searches-for-the-right-script/26230,pending
26184,human-rights-day-2024,Humanitarian,https://olivenetwork.org/Issue/human-rights-day-2024/26184,pending
26054,updating-live-general-assembly-to-hold-emergency-session-on-israel-palestine-crisis,Humanitarian,https://olivenetwork.org/Issue/updating-live-general-assembly-to-hold-emergency-session-on-israel-palestine-crisis/26054,pending
26015,in-munich-guterres-calls-for-new-global-order-that-works-for-all,Humanitarian,https://olivenetwork.org/Issue/in-munich-guterres-calls-for-new-global-order-that-works-for-all/26015,pending
25916,un-rights-chief-on-myanmar-refugees-and-a-future-of-kindness-empathy-and-unity,Humanitarian,https://olivenetwork.org/Issue/un-rights-chief-on-myanmar-refugees-and-a-future-of-kindness-empathy-and-unity/25916,pending
25888,how-to-begin-fixing-the-nonsensical-humanitarian-financing-system,Humanitarian,https://olivenetwork.org/Issue/how-to-begin-fixing-the-nonsensical-humanitarian-financing-system/25888,pending
25871,from-hiroshima-un-chief-calls-for-global-nuclear-disarmament,Humanitarian,https://olivenetwork.org/Issue/from-hiroshima-un-chief-calls-for-global-nuclear-disarmament/25871,pending
25858,unhcr-world-refugee-day,Humanitarian,https://olivenetwork.org/Issue/unhcr-world-refugee-day/25858,pending
25856,russians-in-exile-express-their-anger-and-shame,Humanitarian,https://olivenetwork.org/Issue/russians-in-exile-express-their-anger-and-shame/25856,pending
25847,security-council-speaks-with-one-voice-for-peace-in-ukraine,Humanitarian,https://olivenetwork.org/Issue/security-council-speaks-with-one-voice-for-peace-in-ukraine/25847,pending
25832,unhcr-welcomes-eu-decision-to-offer-temporary-protection-to-refugees-fleeing-ukraine,Humanitarian,https://olivenetwork.org/Issue/unhcr-welcomes-eu-decision-to-offer-temporary-protection-to-refugees-fleeing-ukraine/25832,pending
25827,geneva-s-human-rights-film-festival-poised-for-emotional-return-to-the-big-screen,Humanitarian,https://olivenetwork.org/Issue/geneva-s-human-rights-film-festival-poised-for-emotional-return-to-the-big-screen/25827,pending
25807,2021-year-in-review-un-support-for-countries-in-conflict,Humanitarian,https://olivenetwork.org/Issue/2021-year-in-review-un-support-for-countries-in-conflict/25807,pending
25684,democracy-depends-on-women-s-empowerment-kamala-harris-says-in-her-un-debut,Humanitarian,https://olivenetwork.org/Issue/democracy-depends-on-women-s-empowerment-kamala-harris-says-in-her-un-debut/25684,pending
25211,the-librarian-of-moria-and-other-tales-of-hope-from-the-notorious-refugee-camp,Humanitarian,https://olivenetwork.org/Issue/the-librarian-of-moria-and-other-tales-of-hope-from-the-notorious-refugee-camp/25211,pending
25135,ilo-changing-lives,Humanitarian,https://olivenetwork.org/Issue/ilo-changing-lives/25135,pending
25126,i-invented-the-world-wide-web-here-s-how-we-can-fix-it,Humanitarian,https://olivenetwork.org/Issue/i-invented-the-world-wide-web-here-s-how-we-can-fix-it/25126,pending
25090,if-we-re-serious-about-changing-the-world-we-need-a-better-kind-of-economics-to-do-it,Humanitarian,https://olivenetwork.org/Issue/if-we-re-serious-about-changing-the-world-we-need-a-better-kind-of-economics-to-do-it/25090,pending
24686,solar-energy-is-lighting-up-the-lives-of-80-000-syrian-refugees,Humanitarian,https://olivenetwork.org/Issue/solar-energy-is-lighting-up-the-lives-of-80-000-syrian-refugees/24686,pending
24669,massimo-bottura-and-his-global-movement-to-feed-the-hungry,Humanitarian,https://olivenetwork.org/Issue/massimo-bottura-and-his-global-movement-to-feed-the-hungry/24669,pending
24662,why-ikea-s-flatpack-refugee-shelter-won-design-of-the-year,Humanitarian,https://olivenetwork.org/Issue/why-ikea-s-flatpack-refugee-shelter-won-design-of-the-year/24662,pending
24474,places-for-people-venice-architecture-biennale,Humanitarian,https://olivenetwork.org/Issue/places-for-people-venice-architecture-biennale/24474,pending
26220,as-itu-turns-160-our-interconnected-world-needs-cooperation-more-than-ever,Science & Tech,https://olivenetwork.org/Issue/as-itu-turns-160-our-interconnected-world-needs-cooperation-more-than-ever/26220,pending
25976,un-secretary-general-launches-advisory-board-to-support-ai-governance,Science & Tech,https://olivenetwork.org/Issue/un-secretary-general-launches-advisory-board-to-support-ai-governance/25976,pending
25885,international-telecommunication-union-committed-to-connecting-the-world,Science & Tech,https://olivenetwork.org/Issue/international-telecommunication-union-committed-to-connecting-the-world/25885,pending
25735,unesco-report-calls-for-substantial-increases-in-investment-in-science-in-the-face-of-growing-crises,Science & Tech,https://olivenetwork.org/Issue/unesco-report-calls-for-substantial-increases-in-investment-in-science-in-the-face-of-growing-crises/25735,pending
25653,the-internet-is-broken-but-we-can-fix-it-with-an-alternative-collection-of-open-fair-and-safe-alternatives,Science & Tech,https://olivenetwork.org/Issue/the-internet-is-broken-but-we-can-fix-it-with-an-alternative-collection-of-open-fair-and-safe-alternatives/25653,pending
25607,he-created-the-web-now-he-s-out-to-remake-the-digital-world,Science & Tech,https://olivenetwork.org/Issue/he-created-the-web-now-he-s-out-to-remake-the-digital-world/25607,pending
24859,nature-s-dangerous-decline-unprecedented-species-extinction-rates-accelerating,Science & Tech,https://olivenetwork.org/Issue/nature-s-dangerous-decline-unprecedented-species-extinction-rates-accelerating/24859,pending
24677,the-japanese-practice-of-forest-bathing-is-scientificially-proven-to-be-good-for-you,Science & Tech,https://olivenetwork.org/Issue/the-japanese-practice-of-forest-bathing-is-scientificially-proven-to-be-good-for-you/24677,pending
24644,waterseer-pure-and-simple,Science & Tech,https://olivenetwork.org/Issue/waterseer-pure-and-simple/24644,pending
24464,would-you-dare-to-question-who-you-really-are,Science & Tech,https://olivenetwork.org/Issue/would-you-dare-to-question-who-you-really-are/24464,pending
24451,the-free-electric-hybrid-bike,Science & Tech,https://olivenetwork.org/Issue/the-free-electric-hybrid-bike/24451,pending
25883,the-2022-global-people-s-assembly-and-a-new-multilateralism,Sustainability,https://olivenetwork.org/Issue/the-2022-global-people-s-assembly-and-a-new-multilateralism/25883,pending
25752,un-report-assesses-how-far-national-institutions-have-gone-for-sdgs,Sustainability,https://olivenetwork.org/Issue/un-report-assesses-how-far-national-institutions-have-gone-for-sdgs/25752,pending
25970,opinion-un-s-impact-is-hamstrung-by-scant-civil-society-participation,UN,https://olivenetwork.org/Issue/opinion-un-s-impact-is-hamstrung-by-scant-civil-society-participation/25970,pending
25943,the-future-of-the-un-time-to-think-big-urges-guterres,UN,https://olivenetwork.org/Issue/the-future-of-the-un-time-to-think-big-urges-guterres/25943,pending
25935,ngos-face-uphill-battle-to-gain-access-to-the-un,UN,https://olivenetwork.org/Issue/ngos-face-uphill-battle-to-gain-access-to-the-un/25935,pending
25880,un-general-assembly-enters-high-level-week-what-to-expect,UN,https://olivenetwork.org/Issue/un-general-assembly-enters-high-level-week-what-to-expect/25880,pending
25758,secretary-general-unveils-vision-for-future-oriented-un,UN,https://olivenetwork.org/Issue/secretary-general-unveils-vision-for-future-oriented-un/25758,pending
25756,76th-general-assembly-gets-underway-at-un-headquarters-in-new-york,UN,https://olivenetwork.org/Issue/76th-general-assembly-gets-underway-at-un-headquarters-in-new-york/25756,pending
25499,united-nations-marks-75th-anniversary-with-renewed-commitment-to-multilateralism,UN,https://olivenetwork.org/Issue/united-nations-marks-75th-anniversary-with-renewed-commitment-to-multilateralism/25499,pending
25425,young-people-take-action-for-global-change,UN,https://olivenetwork.org/Issue/young-people-take-action-for-global-change/25425,pending
25160,united-nations-economic-and-social-council,UN,https://olivenetwork.org/Issue/united-nations-economic-and-social-council/25160,pending
25134,stand-for-peace-and-harmony-says-guterres-following-meeting-with-pope-francis,UN,https://olivenetwork.org/Issue/stand-for-peace-and-harmony-says-guterres-following-meeting-with-pope-francis/25134,pending
25075,70-ways-the-un-makes-a-difference,UN,https://olivenetwork.org/Issue/70-ways-the-un-makes-a-difference/25075,pending
24913,un-shining-a-light-on-sustainable-power,UN,https://olivenetwork.org/Issue/un-shining-a-light-on-sustainable-power/24913,pending
24638,un-uses-virtual-reality-to-inspire-humanitarian-empathy,UN,https://olivenetwork.org/Issue/un-uses-virtual-reality-to-inspire-humanitarian-empathy/24638,pending
24282,the-joy-initiative-people-who-inspire-others-to-live-happier-lives,Uncategorized,https://olivenetwork.org/Issue/the-joy-initiative-people-who-inspire-others-to-live-happier-lives/24282,pending
24283,featured-utopia-for-realists-and-how-we-can-get-there,Uncategorized,https://olivenetwork.org/Issue/featured-utopia-for-realists-and-how-we-can-get-there/24283,pending
24287,good-news-at-last-the-world-isn-t-as-horrific-as-you-think,Uncategorized,https://olivenetwork.org/Issue/good-news-at-last-the-world-isn-t-as-horrific-as-you-think/24287,pending
24361,global-reasons-to-be-cheerful-david-byrne,Uncategorized,https://olivenetwork.org/Issue/global-reasons-to-be-cheerful-david-byrne/24361,pending
24362,william-kamkwamba-the-boy-who-harnessed-the-wind,Uncategorized,https://olivenetwork.org/Issue/william-kamkwamba-the-boy-who-harnessed-the-wind/24362,pending
24363,little-sun-olafur-eliasson-and-frederik-ottesen,Uncategorized,https://olivenetwork.org/Issue/little-sun-olafur-eliasson-and-frederik-ottesen/24363,pending
24467,william-kentridge-slams-european-leaders-for-being-greedy-and-selfish,Uncategorized,https://olivenetwork.org/Issue/william-kentridge-slams-european-leaders-for-being-greedy-and-selfish/24467,pending
24471,water-kiosks-in-madagascar-water-aid,Uncategorized,https://olivenetwork.org/Issue/water-kiosks-in-madagascar-water-aid/24471,pending
24473,francis-alys-to-work-with-refugees,Uncategorized,https://olivenetwork.org/Issue/francis-alys-to-work-with-refugees/24473,pending
24476,two-german-states-hit-100-renewable-electricity,Uncategorized,https://olivenetwork.org/Issue/two-german-states-hit-100-renewable-electricity/24476,pending
24478,12-ways-the-arts-can-encourage-climate-action,Uncategorized,https://olivenetwork.org/Issue/12-ways-the-arts-can-encourage-climate-action/24478,pending
24479,abbie-trayler-smith-after-darkness,Uncategorized,https://olivenetwork.org/Issue/abbie-trayler-smith-after-darkness/24479,pending
24588,diverse-candidates-make-history-in-us-midterm-elections,Uncategorized,https://olivenetwork.org/Issue/diverse-candidates-make-history-in-us-midterm-elections/24588,pending
24612,the-karma-of-ad-negi,Uncategorized,https://olivenetwork.org/Issue/the-karma-of-ad-negi/24612,pending
24616,from-freecycling-to-fairphones-24-ways-to-lead-an-anti-capitalist-life-in-a-capitalist-world,Uncategorized,https://olivenetwork.org/Issue/from-freecycling-to-fairphones-24-ways-to-lead-an-anti-capitalist-life-in-a-capitalist-world/24616,pending
24628,let-s-talk-about-garbage,Uncategorized,https://olivenetwork.org/Issue/let-s-talk-about-garbage/24628,pending
24634,a-world-not-ours,Uncategorized,https://olivenetwork.org/Issue/a-world-not-ours/24634,pending
24635,voices-above-the-chaos-female-war-poets-from-the-middle-east,Uncategorized,https://olivenetwork.org/Issue/voices-above-the-chaos-female-war-poets-from-the-middle-east/24635,pending
24636,cahier-africain,Uncategorized,https://olivenetwork.org/Issue/cahier-africain/24636,pending
24639,the-clock-of-the-long-now,Uncategorized,https://olivenetwork.org/Issue/the-clock-of-the-long-now/24639,pending
24640,a-sweet-gig-danish-beekeeping-program-employs-refugees,Uncategorized,https://olivenetwork.org/Issue/a-sweet-gig-danish-beekeeping-program-employs-refugees/24640,pending
24645,jimmy-nelson-before-they-part-ii-camera-work-berlin,Uncategorized,https://olivenetwork.org/Issue/jimmy-nelson-before-they-part-ii-camera-work-berlin/24645,pending
24646,sweden-s-recycling-is-so-revolutionary-the-country-is-running-out-of-trash,Uncategorized,https://olivenetwork.org/Issue/sweden-s-recycling-is-so-revolutionary-the-country-is-running-out-of-trash/24646,pending
24651,world-alliance-for-clean-technologies,Uncategorized,https://olivenetwork.org/Issue/world-alliance-for-clean-technologies/24651,pending
24652,hepworth-sculpture-prize-winner-vows-to-share-30-000-award,Uncategorized,https://olivenetwork.org/Issue/hepworth-sculpture-prize-winner-vows-to-share-30-000-award/24652,pending
24653,pantone-s-color-of-the-year-reflects-hopefulness-and-connection-to-nature,Uncategorized,https://olivenetwork.org/Issue/pantone-s-color-of-the-year-reflects-hopefulness-and-connection-to-nature/24653,pending
24654,two-goats-save-the-children,Uncategorized,https://olivenetwork.org/Issue/two-goats-save-the-children/24654,pending
24655,playing-for-change,Uncategorized,https://olivenetwork.org/Issue/playing-for-change/24655,pending
24658,islamic-relief-worldwide-empowering-communities,Uncategorized,https://olivenetwork.org/Issue/islamic-relief-worldwide-empowering-communities/24658,pending
24659,franciscans-international-a-voice-at-the-united-nations,Uncategorized,https://olivenetwork.org/Issue/franciscans-international-a-voice-at-the-united-nations/24659,pending
24663,solar-powered-ambulance-to-save-lives-in-bangladesh,Uncategorized,https://olivenetwork.org/Issue/solar-powered-ambulance-to-save-lives-in-bangladesh/24663,pending
24664,the-mighty-we,Uncategorized,https://olivenetwork.org/Issue/the-mighty-we/24664,pending
24668,syrian-surfer-finds-refuge-on-lebanon-s-waves,Uncategorized,https://olivenetwork.org/Issue/syrian-surfer-finds-refuge-on-lebanon-s-waves/24668,pending
24670,transforming-garbage-into-a-sustainable-solar-future,Uncategorized,https://olivenetwork.org/Issue/transforming-garbage-into-a-sustainable-solar-future/24670,pending
24676,united-nations-sustainable-development-knowledge-platform,Uncategorized,https://olivenetwork.org/Issue/united-nations-sustainable-development-knowledge-platform/24676,pending
24679,the-performers-bringing-joy-to-child-refugees,Uncategorized,https://olivenetwork.org/Issue/the-performers-bringing-joy-to-child-refugees/24679,pending
24680,bee-inspired-why-oslo-has-put-ecological-riches-at-the-heart-of-the-city,Uncategorized,https://olivenetwork.org/Issue/bee-inspired-why-oslo-has-put-ecological-riches-at-the-heart-of-the-city/24680,pending
24681,mexican-shelter-welcomes-lgbti-refugees,Uncategorized,https://olivenetwork.org/Issue/mexican-shelter-welcomes-lgbti-refugees/24681,pending
24683,let-a-billion-trees-bloom-can-a-great-green-wall-of-trees-stop-china-s-spreading-desert,Uncategorized,https://olivenetwork.org/Issue/let-a-billion-trees-bloom-can-a-great-green-wall-of-trees-stop-china-s-spreading-desert/24683,pending
24705,the-gardeners-house,Uncategorized,https://olivenetwork.org/Issue/the-gardeners-house/24705,pending
24684,forest-bathing-is-the-new-global-phenomenon-in-nature-therapy,Uncategorized,https://olivenetwork.org/Issue/forest-bathing-is-the-new-global-phenomenon-in-nature-therapy/24684,pending
24687,beauty-that-unites-travels-in-the-marvelous-harmony-of-the-chinese-people-and-vatican-museums,Uncategorized,https://olivenetwork.org/Issue/beauty-that-unites-travels-in-the-marvelous-harmony-of-the-chinese-people-and-vatican-museums/24687,pending
24688,unpacked-refugee-baggage,Uncategorized,https://olivenetwork.org/Issue/unpacked-refugee-baggage/24688,pending
24689,choose-love-the-world-s-first-store-that-sells-real-products-for-refugees,Uncategorized,https://olivenetwork.org/Issue/choose-love-the-world-s-first-store-that-sells-real-products-for-refugees/24689,pending
24694,hope-for-the-future,Uncategorized,https://olivenetwork.org/Issue/hope-for-the-future/24694,pending
24734,in-the-vast-beauty-of-the-coachella-valley-desert-x-artists-emphasize-the-perils-of-climate-change,Uncategorized,https://olivenetwork.org/Issue/in-the-vast-beauty-of-the-coachella-valley-desert-x-artists-emphasize-the-perils-of-climate-change/24734,pending
24735,the-beginning-of-great-change-greta-thunberg-hails-school-climate-strikes,Uncategorized,https://olivenetwork.org/Issue/the-beginning-of-great-change-greta-thunberg-hails-school-climate-strikes/24735,pending
24796,how-to-revive-community-in-a-polarised-world,Uncategorized,https://olivenetwork.org/Issue/how-to-revive-community-in-a-polarised-world/24796,pending
24830,from-child-refugee-to-msf-medic-my-remarkable-story,Uncategorized,https://olivenetwork.org/Issue/from-child-refugee-to-msf-medic-my-remarkable-story/24830,pending
24832,casa-ojal-offers-a-world-of-infinite-choice,Uncategorized,https://olivenetwork.org/Issue/casa-ojal-offers-a-world-of-infinite-choice/24832,pending
26228,attenborough-s-ocean-is-the-film-i-ve-been-waiting-my-whole-career-for-now-the-world-must-act-on-its-message,Uncategorized,https://olivenetwork.org/Issue/attenborough-s-ocean-is-the-film-i-ve-been-waiting-my-whole-career-for-now-the-world-must-act-on-its-message/26228,pending
24837,lil-dicky-earth,Uncategorized,https://olivenetwork.org/Issue/lil-dicky-earth/24837,pending
24861,cameroon-s-bottle-boat-is-no-toy,Uncategorized,https://olivenetwork.org/Issue/cameroon-s-bottle-boat-is-no-toy/24861,pending
24863,how-a-beach-opera-at-the-58th-venice-biennale-quietly-contends-with-climate-change-catastrophe,Uncategorized,https://olivenetwork.org/Issue/how-a-beach-opera-at-the-58th-venice-biennale-quietly-contends-with-climate-change-catastrophe/24863,pending
24869,sol-force-artist-roger-thorp,Uncategorized,https://olivenetwork.org/Issue/sol-force-artist-roger-thorp/24869,pending
24912,fuelling-the-futures-of-hundreds-of-jordanian-and-refugee-children,Uncategorized,https://olivenetwork.org/Issue/fuelling-the-futures-of-hundreds-of-jordanian-and-refugee-children/24912,pending
26218,pope-leo-urges-release-of-imprisoned-journalists-in-first-news-conference,Uncategorized,https://olivenetwork.org/Issue/pope-leo-urges-release-of-imprisoned-journalists-in-first-news-conference/26218,pending
24930,the-serpentine-galleries-join-30-british-cultural-institutions-in-a-pledge-to-reduce-their-carbon-footprints,Uncategorized,https://olivenetwork.org/Issue/the-serpentine-galleries-join-30-british-cultural-institutions-in-a-pledge-to-reduce-their-carbon-footprints/24930,pending
24936,david-spero-settlements-at-kestle-barton,Uncategorized,https://olivenetwork.org/Issue/david-spero-settlements-at-kestle-barton/24936,pending
24947,serpentine-gallery-general-ecology,Uncategorized,https://olivenetwork.org/Issue/serpentine-gallery-general-ecology/24947,pending
24951,we-have-more-agency-than-we-realize-serpentine-curator-lucia-pietroiusti-on-how-the-art-world-can-tackle-climate-change,Uncategorized,https://olivenetwork.org/Issue/we-have-more-agency-than-we-realize-serpentine-curator-lucia-pietroiusti-on-how-the-art-world-can-tackle-climate-change/24951,pending
24955,hard-truths-to-face-tate-declares-climate-emergency,Uncategorized,https://olivenetwork.org/Issue/hard-truths-to-face-tate-declares-climate-emergency/24955,pending
24972,the-power-of-now-v-a-acquires-extinction-rebellion-memorabilia-for-rapid-response-collection,Uncategorized,https://olivenetwork.org/Issue/the-power-of-now-v-a-acquires-extinction-rebellion-memorabilia-for-rapid-response-collection/24972,pending
24974,if-we-don-t-protect-nature-we-can-t-protect-ourselves-harrison-ford-extinction-rebellion,Uncategorized,https://olivenetwork.org/Issue/if-we-don-t-protect-nature-we-can-t-protect-ourselves-harrison-ford-extinction-rebellion/24974,pending
24975,giant-extinction-symbols-appear-around-the-world,Uncategorized,https://olivenetwork.org/Issue/giant-extinction-symbols-appear-around-the-world/24975,pending
24978,how-do-you-fight-air-pollution-in-mongolia-start-with-ballet,Uncategorized,https://olivenetwork.org/Issue/how-do-you-fight-air-pollution-in-mongolia-start-with-ballet/24978,pending
24983,just-10-of-fossil-fuel-subsidy-cash-could-pay-for-green-transition,Uncategorized,https://olivenetwork.org/Issue/just-10-of-fossil-fuel-subsidy-cash-could-pay-for-green-transition/24983,pending
24991,arts-and-society-a-universal-impact-of-the-arts-and-cultures-in-societies-beyond-borders,Uncategorized,https://olivenetwork.org/Issue/arts-and-society-a-universal-impact-of-the-arts-and-cultures-in-societies-beyond-borders/24991,pending
25113,cambridge-students-create-the-uk-s-most-efficient-solar-powered-electric-car,Uncategorized,https://olivenetwork.org/Issue/cambridge-students-create-the-uk-s-most-efficient-solar-powered-electric-car/25113,pending
25163,green-world-the-role-of-citizens-assemblies,Uncategorized,https://olivenetwork.org/Issue/green-world-the-role-of-citizens-assemblies/25163,pending
25285,climate-action-covid-19-climate-change-what-does-this-mean-for-the-fight-against-the-climate-crisis,Uncategorized,https://olivenetwork.org/Issue/climate-action-covid-19-climate-change-what-does-this-mean-for-the-fight-against-the-climate-crisis/25285,pending
25529,new-york-times-restoring-farmland-could-drastically-slow-extinctions-fight-climate-change,Uncategorized,https://olivenetwork.org/Issue/new-york-times-restoring-farmland-could-drastically-slow-extinctions-fight-climate-change/25529,pending
25778,cop26-mark-carney-declares-a-watershed-moment-as-130tn-committed-to-hitting-net-zero,Uncategorized,https://olivenetwork.org/Issue/cop26-mark-carney-declares-a-watershed-moment-as-130tn-committed-to-hitting-net-zero/25778,pending
